IMG020406202935.jpg,572,713
IMG020406202948.jpg,699,520
IMG020406202950.jpg,551,443
IMG020406203027.jpg,626,712
IMG020406203032.jpg,613,719
IMG020406203037.jpg,608,719
IMG020406203204.jpg,684,572
IMG020406203207.jpg,563,466
IMG020406203255.jpg,601,707
IMG020406203300.jpg,594,713
IMG010218072650.jpg,546,507
IMG010218072824.jpg,546,505
IMG010218102959.jpg,548,530
IMG010219094021.jpg,553,498
IMG010318071816.jpg,523,522
IMG010318114056.jpg,589,534
IMG010318125038.jpg,550,539
IMG010319080234.jpg,676,611
IMG010319140141.jpg,687,590
IMG010319140145.jpg,684,590
IMG010319140148.jpg,685,587
IMG010319140405.jpg,703,583
IMG010319140516.jpg,695,614
IMG010319140520.jpg,690,607
IMG010319140523.jpg,685,601
IMG010319145635.jpg,598,495
IMG010319145722.jpg,562,461
IMG010319150128.jpg,570,459
IMG010319150134.jpg,578,458
IMG010319153838.jpg,677,557
IMG010319153841.jpg,673,560
IMG010319153930.jpg,711,594
IMG010319153934.jpg,707,596
IMG010319154101.jpg,565,453
IMG010319154229.jpg,573,489
IMG010319154620.jpg,689,580
IMG010319154751.jpg,588,509
IMG010319155107.jpg,678,564
IMG010319155109.jpg,604,525
IMG010319155157.jpg,591,499
IMG010319155246.jpg,672,587
IMG010319155249.jpg,668,585
IMG010319155331.jpg,573,504
IMG010319155525.jpg,666,569
IMG010319160954.jpg,675,582
IMG010319160957.jpg,669,585
IMG010319161341.jpg,695,618
IMG010319161611.jpg,676,554
IMG010319161614.jpg,669,553
IMG010319162335.jpg,678,595
IMG010319162338.jpg,668,587
IMG010319162342.jpg,669,579
IMG010319162512.jpg,694,573
IMG010319162516.jpg,692,559
IMG010406042943.jpg,537,562
IMG010406225125.jpg,662,607
IMG010419080925.jpg,565,506
IMG010419090510.jpg,679,610
IMG010419091253.jpg,592,513
IMG010419091255.jpg,562,507
IMG010419091708.jpg,562,483
IMG010419091928.jpg,586,501
IMG010419091930.jpg,575,482
IMG010419092718.jpg,573,508
IMG010419092720.jpg,556,506
IMG010419092920.jpg,581,520
IMG010419093308.jpg,557,530
IMG010419093851.jpg,547,548
IMG010419094054.jpg,610,709
IMG010419094057.jpg,600,701
IMG010419094251.jpg,560,530
IMG010419094419.jpg,593,540
IMG010419094422.jpg,586,538
IMG010419094424.jpg,569,522
IMG010419094518.jpg,562,562
IMG010419094701.jpg,681,609
IMG010419094809.jpg,565,509
IMG010419102036.jpg,556,520
IMG010419155940.jpg,592,553
IMG010506003142.jpg,546,467
IMG010506005058.jpg,666,580
IMG010506231112.jpg,662,604
IMG010506232934.jpg,683,609
IMG010519104028.jpg,586,533
IMG010519105631.jpg,607,511
IMG010519111243.jpg,573,567
IMG010519111430.jpg,542,530
IMG010519112910.jpg,590,495
IMG010519115216.jpg,587,530
IMG010519115810.jpg,682,597
IMG010519125702.jpg,538,510
IMG010519125910.jpg,519,523
IMG010519134101.jpg,570,470
IMG010519153458.jpg,674,627
IMG010606050714.jpg,655,596
IMG010606190629.jpg,567,544
IMG010606190714.jpg,564,567
IMG010606204642.jpg,567,493
IMG010606205034.jpg,540,497
IMG010819112605.jpg,576,557
IMG010819124145.jpg,666,612
IMG010819125323.jpg,576,496
IMG020218073454.jpg,559,492
IMG020218080405.jpg,577,503
IMG020218091752.jpg,584,538
IMG020218104126.jpg,567,536
IMG020218104250.jpg,580,541
IMG020218104254.jpg,577,535
IMG020218104342.jpg,562,519
IMG020218104532.jpg,567,517
IMG020218104535.jpg,561,510
IMG020218110722.jpg,542,554
IMG020218110726.jpg,552,547
IMG020218113710.jpg,563,509
IMG020218115017.jpg,553,553
IMG020218115024.jpg,544,530
IMG020218124535.jpg,575,520
IMG020406065908.jpg,667,615
IMG020406081627.jpg,668,600
IMG020406083539.jpg,550,564
IMG020406083742.jpg,663,589
IMG020406091820.jpg,563,509
IMG020406162740.jpg,545,474
IMG020406201147.jpg,554,496
IMG020406202926.jpg,595,705
IMG020406202931.jpg,592,709
IMG020406202935.jpg,572,712
IMG020406202950.jpg,551,442
IMG020406203027.jpg,626,712
IMG020406203032.jpg,613,718
IMG020406203037.jpg,608,719
IMG020406203204.jpg,684,572
IMG020406203207.jpg,563,466
IMG020406203255.jpg,601,708
IMG020406203300.jpg,594,712
IMG020406203304.jpg,589,714
IMG020406203335.jpg,677,601
IMG020406203338.jpg,538,541
IMG020406203340.jpg,664,610
IMG020406204152.jpg,698,571
IMG020406204305.jpg,693,595
IMG020406211255.jpg,549,440
IMG020406213526.jpg,570,519
IMG020406213727.jpg,698,610
IMG020406213730.jpg,535,501
IMG020406214234.jpg,673,570
IMG020406215037.jpg,688,572
IMG020406221141.jpg,672,558
IMG020406222000.jpg,664,576
IMG020406222102.jpg,612,696
IMG020406222107.jpg,607,703
IMG020406222111.jpg,598,709
IMG020406222556.jpg,684,567
IMG020406224546.jpg,550,511
IMG020406225749.jpg,674,548
IMG020406230320.jpg,529,522
IMG020406230617.jpg,587,542
IMG020418102326.jpg,551,548
IMG020418102331.jpg,549,550
IMG020418134922.jpg,541,539
IMG020418144337.jpg,657,608
IMG020418144624.jpg,594,523
IMG020418144629.jpg,595,512
IMG020418145006.jpg,692,590
IMG020418145033.jpg,530,499
IMG020418150511.jpg,598,529
IMG020418150517.jpg,590,536
IMG020418151015.jpg,564,553
IMG020418153147.jpg,580,486
IMG020418154140.jpg,576,525
IMG020418161147.jpg,589,537
IMG020418161438.jpg,576,478
IMG020418161520.jpg,593,535
IMG020418161523.jpg,592,534
IMG020418161703.jpg,572,547
IMG020418161705.jpg,569,476
IMG020418162252.jpg,593,537
IMG020418162315.jpg,691,604
IMG020418162346.jpg,582,505
IMG020418163421.jpg,571,528
IMG020418163700.jpg,556,504
IMG020418163703.jpg,558,500
IMG020418163906.jpg,581,519
IMG020418165443.jpg,577,501
IMG020419091155.jpg,538,494
IMG020419093104.jpg,589,522
IMG020419094201.jpg,565,510
IMG020419094410.jpg,579,517
IMG020419095653.jpg,555,526
IMG020419102237.jpg,578,552
IMG020419132541.jpg,560,521
IMG020519091746.jpg,559,509
IMG020519091751.jpg,550,494
IMG020519092910.jpg,594,516
IMG020519100030.jpg,593,527
IMG020519102157.jpg,581,511
IMG020519102201.jpg,574,507
IMG020519102203.jpg,547,493
IMG020519105112.jpg,556,531
IMG020519105139.jpg,587,538
IMG020519105213.jpg,572,470
IMG020519105548.jpg,556,441
IMG020519110037.jpg,585,467
IMG020519111037.jpg,572,514
IMG020519111739.jpg,555,501
IMG020519112216.jpg,562,537
IMG020519112624.jpg,589,502
IMG020519112626.jpg,578,494
IMG020519115910.jpg,576,470
IMG020519123840.jpg,568,510
IMG020519125002.jpg,573,512
IMG020519125409.jpg,572,497
IMG020519125628.jpg,587,506
IMG020519125630.jpg,550,484
IMG020519134135.jpg,576,512
IMG020519135659.jpg,576,527
IMG020519135958.jpg,583,514
IMG020519145354.jpg,596,533
IMG020519145355.jpg,562,512
IMG020519151114.jpg,586,529
IMG020519154425.jpg,580,522
IMG020519154817.jpg,588,526
IMG020519155748.jpg,582,537
IMG020519155751.jpg,581,539
IMG020519161131.jpg,568,538
IMG020519161133.jpg,545,508
IMG020519161438.jpg,566,503
IMG020519165820.jpg,585,529
IMG020519165822.jpg,560,502
IMG020519170552.jpg,538,491
IMG020519170932.jpg,570,504
IMG020606001240.jpg,546,532
IMG020606005149.jpg,586,538
IMG020606010501.jpg,597,718
IMG020606011208.jpg,595,536
IMG020606011211.jpg,548,501
IMG020606184502.jpg,576,497
IMG020606190423.jpg,658,571
IMG020606200307.jpg,540,518
IMG020606222339.jpg,672,593
IMG020606225642.jpg,683,590
IMG020706011239.jpg,685,620
IMG020706011242.jpg,676,617
IMG020706034142.jpg,619,726
IMG020706034145.jpg,633,729
IMG020706035155.jpg,622,716
IMG020706040050.jpg,626,695
IMG020819090400.jpg,591,538
IMG020819111822.jpg,554,477
IMG020819130310.jpg,647,622
IMG020819141448.jpg,661,601
IMG030319115049.jpg,593,541
IMG030406055238.jpg,539,548
IMG030406081952.jpg,525,517
IMG030406082410.jpg,572,707
IMG030406090444.jpg,551,476
IMG030406092829.jpg,671,599
IMG030418082101.jpg,515,523
IMG030418082420.jpg,616,721
IMG030418082910.jpg,544,558
IMG030418091143.jpg,550,545
IMG030418124309.jpg,608,716
IMG030419105702.jpg,594,509
IMG030419105706.jpg,582,508
IMG030419105708.jpg,544,459
IMG030419105733.jpg,568,552
IMG030419105829.jpg,552,502
IMG030419105832.jpg,544,492
IMG030419105922.jpg,566,490
IMG030419114717.jpg,594,496
IMG030419114719.jpg,572,458
IMG030419115002.jpg,676,606
IMG030419115107.jpg,586,513
IMG030419115110.jpg,581,511
IMG030419115114.jpg,579,507
IMG030419115116.jpg,546,478
IMG030419115403.jpg,542,458
IMG030419115459.jpg,571,524
IMG030419115626.jpg,572,463
IMG030419115629.jpg,569,462
IMG030419115632.jpg,558,459
IMG030419123718.jpg,584,482
IMG030419123721.jpg,587,479
IMG030419123724.jpg,581,476
IMG030419124253.jpg,624,729
IMG030419124257.jpg,617,718
IMG030419124412.jpg,682,625
IMG030419124416.jpg,676,612
IMG030419124420.jpg,665,605
IMG030419124953.jpg,591,540
IMG030419124955.jpg,532,508
IMG030419125043.jpg,567,491
IMG030419125047.jpg,564,485
IMG030419125820.jpg,572,493
IMG030419125824.jpg,568,490
IMG030419130938.jpg,555,460
IMG030419131142.jpg,582,561
IMG030419131650.jpg,531,525
IMG030419133408.jpg,561,493
IMG030419133517.jpg,580,507
IMG030419134013.jpg,569,465
IMG030419134140.jpg,583,550
IMG030419140657.jpg,568,445
IMG030419140930.jpg,559,446
IMG030419140933.jpg,558,442
IMG030419140958.jpg,572,482
IMG030419141138.jpg,534,487
IMG030419141222.jpg,535,467
IMG030419141225.jpg,531,467
IMG030419141357.jpg,581,520
IMG030419141516.jpg,569,493
IMG030419141930.jpg,564,493
IMG030419142105.jpg,556,499
IMG030419143205.jpg,666,610
IMG030419143208.jpg,658,603
IMG030419143212.jpg,653,595
IMG030419145310.jpg,557,487
IMG030419153242.jpg,565,490
IMG030419154236.jpg,666,624
IMG030419154239.jpg,661,622
IMG030419154613.jpg,586,492
IMG030419154615.jpg,548,472
IMG030419154746.jpg,547,528
IMG030419154749.jpg,541,521
IMG030419155336.jpg,568,540
IMG030419155545.jpg,587,498
IMG030419155548.jpg,581,489
IMG030419160038.jpg,570,488
IMG030419160111.jpg,577,530
IMG030419160558.jpg,581,487
IMG030419160642.jpg,590,487
IMG030419162501.jpg,560,493
IMG030419162637.jpg,541,454
IMG030419162641.jpg,540,452
IMG030419162755.jpg,589,547
IMG030506162714.jpg,679,611
IMG030506175558.jpg,548,473
IMG030506190859.jpg,675,611
IMG030506191729.jpg,550,471
IMG030506202217.jpg,665,601
IMG030506204905.jpg,532,518
IMG030506205110.jpg,540,522
IMG030506212902.jpg,560,711
IMG030506213838.jpg,631,712
IMG030519090651.jpg,557,466
IMG030519091542.jpg,579,546
IMG030519092417.jpg,579,535
IMG030519092458.jpg,591,519
IMG030519092805.jpg,598,499
IMG030519093259.jpg,557,486
IMG030519093713.jpg,582,493
IMG030519093716.jpg,577,492
IMG030519093718.jpg,562,471
IMG030519094230.jpg,571,467
IMG030519095140.jpg,572,517
IMG030519095342.jpg,554,504
IMG030519095557.jpg,595,544
IMG030519102822.jpg,574,461
IMG030519103845.jpg,587,536
IMG030519105839.jpg,542,469
IMG030519110615.jpg,590,507
IMG030519114409.jpg,585,531
IMG030519114611.jpg,534,468
IMG030519123612.jpg,589,512
IMG030519124640.jpg,538,530
IMG030519130644.jpg,564,502
IMG030519132944.jpg,585,539
IMG030519133107.jpg,561,456
IMG030519133413.jpg,593,531
IMG030519134254.jpg,588,537
IMG030519134821.jpg,564,525
IMG030519135209.jpg,534,529
IMG030519135426.jpg,670,620
IMG030519141406.jpg,593,514
IMG030519151001.jpg,549,478
IMG030519153838.jpg,564,485
IMG030519155208.jpg,591,527
IMG030519155506.jpg,580,477
IMG030519162230.jpg,555,501
IMG030606000507.jpg,567,524
IMG030606031932.jpg,683,566
IMG030606031935.jpg,683,569
IMG030606162256.jpg,570,563
IMG030606162258.jpg,539,538
IMG030606175614.jpg,677,618
IMG030606185248.jpg,672,593
IMG030606190832.jpg,672,571
IMG030606195402.jpg,670,596
IMG030606200857.jpg,695,606
IMG030606202110.jpg,684,591
IMG030606202903.jpg,684,612
IMG030619092623.jpg,666,596
IMG030619093852.jpg,538,500
IMG030619094613.jpg,536,487
IMG030619133847.jpg,566,492
IMG030619141647.jpg,562,494
IMG030619160755.jpg,568,511
IMG030919083631.jpg,585,565
IMG030919085244.jpg,548,536
IMG030919091323.jpg,585,527
IMG030919091412.jpg,551,563
IMG030919094036.jpg,593,534
IMG030919095613.jpg,557,503
IMG030919133041.jpg,556,554
IMG030919142207.jpg,551,438
IMG031218134307.jpg,575,505
IMG031218135450.jpg,570,520
IMG031218135545.jpg,571,522
IMG031218135658.jpg,579,512
IMG031218140558.jpg,570,511
IMG031218154816.jpg,581,527
IMG040219091017.jpg,544,478
IMG040219100007.jpg,654,610
IMG040219102831.jpg,565,507
IMG040219102836.jpg,561,496
IMG040219103426.jpg,674,615
IMG040219103430.jpg,669,613
IMG040319080002.jpg,557,478
IMG040319132828.jpg,598,534
IMG040319133717.jpg,562,475
IMG040319161920.jpg,576,474
IMG040406055645.jpg,583,698
IMG040406082730.jpg,583,463
IMG040406082930.jpg,676,597
IMG040406205600.jpg,662,611
IMG040406213658.jpg,663,620
IMG040406213829.jpg,594,480
IMG040406215909.jpg,653,614
IMG040406220011.jpg,585,472
IMG040406220152.jpg,655,613
IMG040406220156.jpg,673,615
IMG040406220200.jpg,670,593
IMG040406221225.jpg,676,621
IMG040406221307.jpg,665,601
IMG040406232218.jpg,525,525
IMG040406232303.jpg,693,618
IMG040406235553.jpg,665,611
IMG040418091316.jpg,580,516
IMG040418093049.jpg,527,516
IMG040418105854.jpg,519,539
IMG040418111108.jpg,533,528
IMG040418112801.jpg,528,524
IMG040418112805.jpg,526,515
IMG040418132111.jpg,554,492
IMG040418135857.jpg,670,611
IMG040419091629.jpg,598,500
IMG040419091632.jpg,590,497
IMG040419092146.jpg,599,512
IMG040419105456.jpg,676,537
IMG040419105459.jpg,671,528
IMG040419105616.jpg,587,552
IMG040419105619.jpg,578,546
IMG040419105623.jpg,569,539
IMG040419110312.jpg,590,551
IMG040419110535.jpg,586,532
IMG040419110657.jpg,581,490
IMG040419110701.jpg,574,489
IMG040419110807.jpg,568,472
IMG040419110811.jpg,565,471
IMG040419111056.jpg,584,504
IMG040419111059.jpg,578,502
IMG040419111148.jpg,579,527
IMG040419111153.jpg,585,561
IMG040419111236.jpg,568,539
IMG040419111239.jpg,567,536
IMG040419111242.jpg,563,533
IMG040419111331.jpg,549,517
IMG040419111844.jpg,593,504
IMG040419111848.jpg,581,496
IMG040419111851.jpg,578,487
IMG040419112213.jpg,585,471
IMG040419112426.jpg,552,509
IMG040419113222.jpg,576,475
IMG040419131702.jpg,598,538
IMG040419132951.jpg,529,500
IMG040419133528.jpg,567,508
IMG040419133855.jpg,654,609
IMG040419134045.jpg,570,468
IMG040419134049.jpg,570,467
IMG040419134247.jpg,658,607
IMG040419134802.jpg,549,493
IMG040419140248.jpg,574,565
IMG040419141308.jpg,598,525
IMG040419141310.jpg,577,486
IMG040419141726.jpg,601,481
IMG040419142442.jpg,660,583
IMG040419142652.jpg,586,495
IMG040419142835.jpg,587,512
IMG040419155416.jpg,586,517
IMG040419161450.jpg,595,496
IMG040506012105.jpg,658,582
IMG040506164009.jpg,559,496
IMG040506180005.jpg,569,561
IMG040506181013.jpg,574,533
IMG040506181552.jpg,622,707
IMG040506181557.jpg,618,717
IMG040506181602.jpg,611,724
IMG040506182315.jpg,566,558
IMG040506201548.jpg,586,532
IMG040506214801.jpg,581,516
IMG040506214855.jpg,674,608
IMG040506215307.jpg,579,519
IMG040519085347.jpg,586,493
IMG040519085349.jpg,550,471
IMG040519085546.jpg,576,510
IMG040519091151.jpg,563,446
IMG040519092253.jpg,665,624
IMG040519092548.jpg,592,530
IMG040519092930.jpg,573,452
IMG040519093024.jpg,550,466
IMG040519093325.jpg,573,484
IMG040519093329.jpg,591,477
IMG040519093942.jpg,598,507
IMG040519094229.jpg,557,467
IMG040519094409.jpg,559,471
IMG040519095318.jpg,569,453
IMG040519100215.jpg,561,462
IMG040606210804.jpg,684,628
IMG040606211956.jpg,586,533
IMG040606213919.jpg,667,559
IMG040606233316.jpg,619,713
IMG040619090935.jpg,585,499
IMG040619091306.jpg,533,503
IMG040619092158.jpg,570,447
IMG040619093748.jpg,591,516
IMG040619095813.jpg,574,468
IMG040619112013.jpg,563,500
IMG040619112405.jpg,588,482
IMG040619112948.jpg,596,535
IMG040619115919.jpg,595,494
IMG040619125259.jpg,573,524
IMG040619125822.jpg,587,514
IMG040619130939.jpg,586,526
IMG040619130942.jpg,542,497
IMG040619132312.jpg,563,491
IMG040619132408.jpg,574,544
IMG040619133436.jpg,561,507
IMG040619133620.jpg,582,464
IMG040619133721.jpg,546,456
IMG040619134326.jpg,547,511
IMG040619134423.jpg,576,498
IMG040619134934.jpg,540,460
IMG040619135214.jpg,565,478
IMG040619135543.jpg,564,501
IMG040619135634.jpg,586,521
IMG040619135636.jpg,554,482
IMG040619135912.jpg,550,563
IMG040619140701.jpg,550,481
IMG040619140955.jpg,580,445
IMG040619141053.jpg,566,507
IMG040619141931.jpg,566,454
IMG040619152505.jpg,582,493
IMG040619153108.jpg,562,540
IMG040619153851.jpg,576,532
IMG040619153915.jpg,563,440
IMG040619155927.jpg,599,544
IMG040619160143.jpg,569,515
IMG040706234420.jpg,546,556
IMG040706235440.jpg,533,505
IMG040919101914.jpg,538,546
IMG040919112950.jpg,589,471
IMG040919113323.jpg,590,497
IMG040919114349.jpg,673,582
IMG040919114503.jpg,599,488
IMG040919114529.jpg,709,610
IMG040919115659.jpg,598,500
IMG040919124711.jpg,592,541
IMG040919124713.jpg,561,505
IMG040919124938.jpg,678,545
IMG040919144911.jpg,576,477
IMG040919145009.jpg,557,508
IMG040919145233.jpg,543,481
IMG040919152331.jpg,560,486
IMG041218133156.jpg,652,597
IMG041218140013.jpg,578,527
IMG050219131213.jpg,665,625
IMG050219132243.jpg,672,618
IMG050219135338.jpg,559,510
IMG050219135825.jpg,663,609
IMG050219141518.jpg,580,500
IMG050219144623.jpg,685,613
IMG050219144628.jpg,671,621
IMG050219144908.jpg,566,506
IMG050219150704.jpg,660,623
IMG050219153102.jpg,575,519
IMG050219160146.jpg,576,508
IMG050219160150.jpg,566,508
IMG050219160251.jpg,688,625
IMG050318080950.jpg,593,713
IMG050319103728.jpg,589,530
IMG050319105040.jpg,565,522
IMG050319110850.jpg,585,516
IMG050319112320.jpg,541,468
IMG050319112938.jpg,581,532
IMG050319114332.jpg,587,533
IMG050319124811.jpg,682,612
IMG050319125149.jpg,570,519
IMG050319134534.jpg,671,614
IMG050319141635.jpg,577,532
IMG050319142629.jpg,689,623
IMG050319142632.jpg,679,618
IMG050319142720.jpg,687,626
IMG050319142724.jpg,686,627
IMG050319142822.jpg,595,471
IMG050319144947.jpg,673,621
IMG050406011850.jpg,666,584
IMG050406011853.jpg,672,586
IMG050406033321.jpg,676,619
IMG050406033325.jpg,679,623
IMG050406205501.jpg,678,625
IMG050406214034.jpg,673,621
IMG050406215803.jpg,554,468
IMG050406221929.jpg,688,617
IMG050406222026.jpg,674,619
IMG050419090119.jpg,584,481
IMG050419090307.jpg,575,525
IMG050419090428.jpg,557,539
IMG050419090548.jpg,577,557
IMG050419090609.jpg,571,497
IMG050419090837.jpg,582,522
IMG050419091554.jpg,666,600
IMG050419092256.jpg,559,496
IMG050419092409.jpg,585,548
IMG050419092538.jpg,561,479
IMG050419092858.jpg,574,483
IMG050419093227.jpg,565,551
IMG050419093230.jpg,559,545
IMG050419093310.jpg,571,514
IMG050419093313.jpg,565,505
IMG050419093542.jpg,663,587
IMG050419093732.jpg,593,517
IMG050419093755.jpg,591,535
IMG050419093757.jpg,529,500
IMG050419095044.jpg,574,514
IMG050419095223.jpg,591,515
IMG050419095921.jpg,591,487
IMG050419102136.jpg,536,498
IMG050419102249.jpg,562,470
IMG050419103803.jpg,581,536
IMG050419104703.jpg,669,624
IMG050419104707.jpg,664,619
IMG050419104832.jpg,588,541
IMG050419104835.jpg,587,532
IMG050419110223.jpg,593,531
IMG050419111939.jpg,596,533
IMG050419111941.jpg,527,496
IMG050419112120.jpg,674,616
IMG050419112918.jpg,653,610
IMG050419112922.jpg,647,607
IMG050419112946.jpg,593,528
IMG050419112948.jpg,562,492
IMG050506011054.jpg,533,475
IMG050506032638.jpg,675,622
IMG050506041013.jpg,579,699
IMG050506041019.jpg,578,693
IMG050506170707.jpg,569,496
IMG050506171040.jpg,672,623
IMG050506171208.jpg,550,502
IMG050506175902.jpg,661,626
IMG050506181103.jpg,691,619
IMG050506181947.jpg,667,610
IMG050506192322.jpg,675,580
IMG050506203407.jpg,561,522
IMG050506204430.jpg,676,618
IMG050506210257.jpg,552,525
IMG050506211301.jpg,665,616
IMG050506211831.jpg,534,509
IMG050506214545.jpg,682,600
IMG050606024941.jpg,568,511
IMG050606044934.jpg,555,489
IMG050606062219.jpg,557,553
IMG050606064400.jpg,511,551
IMG050606081417.jpg,654,600
IMG050606084231.jpg,563,564
IMG050606183923.jpg,687,624
IMG050606185848.jpg,598,529
IMG050606214159.jpg,563,517
IMG050606222246.jpg,586,500
IMG050606222249.jpg,581,491
IMG050606222759.jpg,567,545
IMG050606222802.jpg,558,537
IMG050606223129.jpg,578,472
IMG050606223133.jpg,567,467
IMG050606224150.jpg,574,548
IMG050606224350.jpg,685,600
IMG050606230510.jpg,531,493
IMG050606231639.jpg,678,621
IMG050619090850.jpg,582,533
IMG050619090852.jpg,548,504
IMG050619091117.jpg,567,515
IMG050619091522.jpg,566,527
IMG050619091854.jpg,550,485
IMG050619092018.jpg,541,533
IMG050619092800.jpg,564,555
IMG050619093018.jpg,576,537
IMG050619093204.jpg,590,550
IMG050619093423.jpg,532,485
IMG050619094150.jpg,563,489
IMG050619102440.jpg,565,470
IMG050619104227.jpg,565,507
IMG050619104534.jpg,582,526
IMG050619104536.jpg,549,503
IMG050619104845.jpg,551,486
IMG050619104956.jpg,547,487
IMG050619105146.jpg,555,499
IMG050619105723.jpg,582,529
IMG050619105740.jpg,552,499
IMG050619110528.jpg,570,530
IMG050619111138.jpg,532,469
IMG050619111223.jpg,570,504
IMG050619112045.jpg,538,475
IMG050619131917.jpg,591,482
IMG050619132249.jpg,567,524
IMG050619132411.jpg,559,529
IMG050619132612.jpg,570,460
IMG050619133343.jpg,588,542
IMG050619133928.jpg,573,453
IMG050619135316.jpg,576,438
IMG050619135928.jpg,590,459
IMG050619140104.jpg,674,591
IMG050619140433.jpg,674,629
IMG050619140435.jpg,665,612
IMG050619141556.jpg,687,617
IMG050619142644.jpg,565,480
IMG050619142815.jpg,576,483
IMG050619142928.jpg,573,521
IMG050619144849.jpg,577,529
IMG050619144950.jpg,614,705
IMG050619150317.jpg,668,611
IMG050619152941.jpg,579,490
IMG050619153859.jpg,584,500
IMG050619154003.jpg,544,464
IMG050706010514.jpg,586,699
IMG050706010551.jpg,569,721
IMG050706013331.jpg,619,712
IMG050706013554.jpg,567,703
IMG050706014008.jpg,550,486
IMG050706034850.jpg,549,545
IMG050706041718.jpg,580,725
IMG050706042811.jpg,663,616
IMG050706175609.jpg,561,500
IMG050706181357.jpg,588,509
IMG050706184144.jpg,696,600
IMG050706195620.jpg,545,550
IMG050706204837.jpg,667,608
IMG050706204846.jpg,669,613
IMG050706205208.jpg,681,624
IMG050706210614.jpg,547,483
IMG050706231810.jpg,531,533
IMG060218133041.jpg,554,545
IMG060218135744.jpg,564,559
IMG060319111139.jpg,582,523
IMG060319111743.jpg,626,719
IMG060319131815.jpg,632,731
IMG060319131819.jpg,630,725
IMG060319141155.jpg,590,520
IMG060406004706.jpg,655,616
IMG060406010236.jpg,550,535
IMG060406012019.jpg,680,607
IMG060406031628.jpg,555,571
IMG060406031631.jpg,548,560
IMG060406033411.jpg,548,554
IMG060406034658.jpg,575,525
IMG060406042250.jpg,553,552
IMG060406050424.jpg,587,490
IMG060406050430.jpg,573,494
IMG060406052246.jpg,567,532
IMG060406053334.jpg,628,700
IMG060406053737.jpg,679,586
IMG060406053942.jpg,559,550
IMG060406055918.jpg,536,465
IMG060406061029.jpg,558,547
IMG060406061131.jpg,555,558
IMG060406070926.jpg,561,553
IMG060406100503.jpg,549,547
IMG060406102050.jpg,543,494
IMG060406103521.jpg,553,540
IMG060406201310.jpg,574,496
IMG060406212822.jpg,554,491
IMG060406213634.jpg,684,617
IMG060406214659.jpg,564,467
IMG060406220923.jpg,670,609
IMG060406221954.jpg,544,457
IMG060406222358.jpg,676,559
IMG060406222402.jpg,671,559
IMG060406222458.jpg,662,618
IMG060406223356.jpg,670,587
IMG060406224530.jpg,671,561
IMG060406224845.jpg,686,581
IMG060406235948.jpg,678,632
IMG060419141416.jpg,556,565
IMG060419141756.jpg,568,481
IMG060419142216.jpg,576,516
IMG060506162151.jpg,679,591
IMG060506162708.jpg,590,532
IMG060506182958.jpg,675,608
IMG060506183132.jpg,561,526
IMG060506200311.jpg,624,708
IMG060506204154.jpg,673,573
IMG060506222257.jpg,568,527
IMG060519082948.jpg,570,539
IMG060519083026.jpg,552,496
IMG060519083030.jpg,548,498
IMG060519083129.jpg,584,500
IMG060519083609.jpg,574,504
IMG060519091428.jpg,563,487
IMG060519091431.jpg,562,487
IMG060519092507.jpg,570,460
IMG060519120359.jpg,700,562
IMG060519120925.jpg,561,475
IMG060519121303.jpg,594,535
IMG060519121337.jpg,666,606
IMG060519121440.jpg,661,617
IMG060519121442.jpg,656,613
IMG060519121556.jpg,553,503
IMG060519121920.jpg,677,562
IMG060519122034.jpg,704,610
IMG060519122349.jpg,671,617
IMG060519122533.jpg,669,628
IMG060519123208.jpg,697,592
IMG060519123446.jpg,677,613
IMG060519123603.jpg,591,521
IMG060519124554.jpg,608,487
IMG060519134458.jpg,591,471
IMG060519134636.jpg,574,452
IMG060519135948.jpg,670,611
IMG060519140114.jpg,569,520
IMG060519140200.jpg,555,517
IMG060519140202.jpg,542,505
IMG060519140448.jpg,561,490
IMG060519141933.jpg,533,490
IMG060519142343.jpg,571,445
IMG060519142638.jpg,538,518
IMG060519143112.jpg,563,552
IMG060519143114.jpg,521,523
IMG060519145040.jpg,559,505
IMG060519145154.jpg,558,547
IMG060519145158.jpg,555,540
IMG060519145200.jpg,531,518
IMG060519150055.jpg,577,478
IMG060519150057.jpg,549,456
IMG060519150147.jpg,525,513
IMG060519150240.jpg,559,489
IMG060519150336.jpg,555,468
IMG060519150518.jpg,557,507
IMG060519150841.jpg,565,515
IMG060519150843.jpg,539,492
IMG060519151012.jpg,550,501
IMG060519151200.jpg,586,521
IMG060519151202.jpg,549,491
IMG060519151252.jpg,604,481
IMG060519151413.jpg,542,502
IMG060519152011.jpg,580,501
IMG060519152013.jpg,545,472
IMG060519152125.jpg,592,532
IMG060519152210.jpg,531,538
IMG060519154803.jpg,578,529
IMG060519164117.jpg,588,534
IMG060606062223.jpg,668,613
IMG060606065405.jpg,595,529
IMG060606070028.jpg,572,535
IMG060606091530.jpg,561,557
IMG060606115130.jpg,556,467
IMG060606124814.jpg,573,513
IMG060619090158.jpg,567,493
IMG060619092447.jpg,584,532
IMG060619093923.jpg,552,563
IMG060619093928.jpg,545,556
IMG060619094207.jpg,573,500
IMG060619103502.jpg,560,440
IMG060619103744.jpg,559,562
IMG060619113527.jpg,591,513
IMG060619113834.jpg,572,489
IMG060619114227.jpg,575,502
IMG060619130731.jpg,530,531
IMG060619131910.jpg,574,486
IMG060619132111.jpg,580,521
IMG060619132551.jpg,568,505
IMG060619132938.jpg,531,543
IMG060619133017.jpg,581,467
IMG060919104151.jpg,578,519
IMG060919104154.jpg,574,514
IMG060919104817.jpg,551,494
IMG060919111824.jpg,596,494
IMG060919113236.jpg,583,528
IMG060919113910.jpg,596,541
IMG060919124808.jpg,592,516
IMG060919124812.jpg,593,514
IMG060919131117.jpg,563,508
IMG060919132618.jpg,583,536
IMG060919134518.jpg,601,536
IMG060919134642.jpg,594,546
IMG060919135111.jpg,578,496
IMG060919150355.jpg,600,503
IMG060919150452.jpg,584,521
IMG060919151016.jpg,587,525
IMG060919153224.jpg,540,489
IMG060919154953.jpg,590,534
IMG060919155114.jpg,525,511
IMG070119074947.jpg,564,507
IMG070119081232.jpg,538,484
IMG070119092759.jpg,569,512
IMG070119092959.jpg,562,512
IMG070218103548.jpg,584,501
IMG070218111118.jpg,680,618
IMG070218111346.jpg,560,535
IMG070218111548.jpg,560,569
IMG070218114034.jpg,583,512
IMG070218114241.jpg,583,514
IMG070218131335.jpg,580,523
IMG070218131341.jpg,544,496
IMG070218132102.jpg,564,521
IMG070219095010.jpg,673,590
IMG070219151534.jpg,545,532
IMG070319080136.jpg,558,501
IMG070319092848.jpg,585,549
IMG070319123826.jpg,566,561
IMG070319124317.jpg,671,621
IMG070319132453.jpg,587,524
IMG070406000116.jpg,682,624
IMG070406002903.jpg,558,481
IMG070406002936.jpg,684,610
IMG070406004645.jpg,675,585
IMG070406005806.jpg,667,561
IMG070406010436.jpg,689,625
IMG070406011018.jpg,685,612
IMG070406024951.jpg,589,703
IMG070406040430.jpg,594,696
IMG070406041314.jpg,665,565
IMG070406041531.jpg,544,541
IMG070406050129.jpg,528,513
IMG070406050239.jpg,553,539
IMG070406050242.jpg,542,528
IMG070406050246.jpg,539,524
IMG070406054306.jpg,614,695
IMG070406054426.jpg,680,623
IMG070406060541.jpg,592,713
IMG070406080431.jpg,552,556
IMG070406203632.jpg,678,609
IMG070406232913.jpg,554,710
IMG070406232939.jpg,661,609
IMG070418092247.jpg,604,697
IMG070418092630.jpg,608,711
IMG070418103238.jpg,604,715
IMG070418110215.jpg,604,714
IMG070418111623.jpg,632,739
IMG070418114229.jpg,516,554
IMG070418121011.jpg,615,707
IMG070519090858.jpg,551,481
IMG070519091425.jpg,590,521
IMG070519092317.jpg,579,522
IMG070519095652.jpg,579,455
IMG070519095746.jpg,579,461
IMG070519102221.jpg,600,471
IMG070519103800.jpg,579,488
IMG070519103803.jpg,571,482
IMG070519104137.jpg,565,555
IMG070519104310.jpg,587,466
IMG070519105854.jpg,595,494
IMG070519110029.jpg,667,616
IMG070519141035.jpg,568,519
IMG070519141510.jpg,575,564
IMG070519145147.jpg,543,544
IMG070519145400.jpg,566,462
IMG070606063829.jpg,562,562
IMG070606215610.jpg,614,705
IMG070606221543.jpg,547,499
IMG070606223042.jpg,676,568
IMG070619080606.jpg,595,529
IMG070619081949.jpg,595,518
IMG070619082103.jpg,579,540
IMG070619082106.jpg,575,535
IMG070619082109.jpg,575,532
IMG070619082202.jpg,568,492
IMG070619082852.jpg,553,506
IMG070619084120.jpg,567,477
IMG070619084250.jpg,542,514
IMG070619084253.jpg,537,510
IMG070619105737.jpg,570,504
IMG070619110045.jpg,585,535
IMG070619112927.jpg,577,540
IMG070619112930.jpg,575,536
IMG070619113136.jpg,573,537
IMG070619113139.jpg,569,536
IMG070619113142.jpg,567,535
IMG070619114011.jpg,583,484
IMG070619114014.jpg,581,483
IMG070619114017.jpg,582,483
IMG070619114616.jpg,588,480
IMG070619131439.jpg,593,545
IMG070619131442.jpg,590,545
IMG070619131624.jpg,570,522
IMG070619131730.jpg,603,529
IMG070619131734.jpg,593,531
IMG070619131737.jpg,589,529
IMG070619131838.jpg,569,499
IMG070619131919.jpg,590,510
IMG070619132106.jpg,574,498
IMG070619132110.jpg,573,500
IMG070619132113.jpg,569,497
IMG070619140747.jpg,605,511
IMG070619140750.jpg,597,509
IMG070619140754.jpg,590,507
IMG070619140902.jpg,573,492
IMG070619142801.jpg,582,547
IMG070619151603.jpg,578,548
IMG070619151652.jpg,541,493
IMG070619151904.jpg,568,528
IMG070619152011.jpg,548,465
IMG070619152139.jpg,554,460
IMG070619152248.jpg,571,551
IMG070619153137.jpg,564,527
IMG070619153341.jpg,560,513
IMG070619153629.jpg,589,548
IMG070619153717.jpg,582,520
IMG070619154124.jpg,575,536
IMG070619154303.jpg,528,538
IMG070619154622.jpg,567,566
IMG070619155556.jpg,589,538
IMG070619160346.jpg,589,537
IMG070619161235.jpg,557,538
IMG070619161720.jpg,593,527
IMG070706211307.jpg,564,500
IMG070706213341.jpg,591,713
IMG070706213510.jpg,639,711
IMG070706220602.jpg,568,538
IMG070706223609.jpg,539,536
IMG070706224146.jpg,517,526
IMG070706224311.jpg,579,708
IMG070706230534.jpg,671,586
IMG070706231824.jpg,668,610
IMG070706231842.jpg,529,529
IMG070706232542.jpg,683,592
IMG070706232547.jpg,682,588
IMG070706232703.jpg,594,513
IMG070819103108.jpg,600,507
IMG070819103544.jpg,577,487
IMG070819110236.jpg,671,619
IMG070819111224.jpg,595,518
IMG070819130244.jpg,580,506
IMG070819130741.jpg,561,521
IMG070819131053.jpg,575,558
IMG070819133026.jpg,573,515
IMG070819133029.jpg,581,511
IMG070819133031.jpg,533,498
IMG070819152019.jpg,581,541
IMG070819152323.jpg,572,516
IMG070819153957.jpg,585,524
IMG070819154028.jpg,556,489
IMG080218072619.jpg,653,609
IMG080218074532.jpg,583,519
IMG080218091134.jpg,589,492
IMG080218092153.jpg,573,506
IMG080218092354.jpg,560,502
IMG080218094236.jpg,611,708
IMG080218112607.jpg,536,530
IMG080319132204.jpg,584,528
IMG080319134146.jpg,567,513
IMG080319135353.jpg,565,501
IMG080319140227.jpg,585,516
IMG080319140335.jpg,567,508
IMG080319145039.jpg,561,492
IMG080319154256.jpg,587,528
IMG080319154756.jpg,580,527
IMG080406004950.jpg,671,609
IMG080406013547.jpg,669,608
IMG080406013734.jpg,582,711
IMG080406013741.jpg,584,701
IMG080406020745.jpg,536,557
IMG080406020747.jpg,527,527
IMG080406022130.jpg,523,517
IMG080406033212.jpg,546,562
IMG080406052516.jpg,689,614
IMG080406054347.jpg,657,600
IMG080406054733.jpg,558,711
IMG080406060154.jpg,664,605
IMG080406151217.jpg,702,572
IMG080406191925.jpg,667,589
IMG080406192831.jpg,669,587
IMG080406192834.jpg,585,530
IMG080406202524.jpg,551,553
IMG080406203750.jpg,588,498
IMG080406211823.jpg,669,617
IMG080419091051.jpg,671,608
IMG080419091054.jpg,666,605
IMG080419091118.jpg,528,522
IMG080419091432.jpg,544,550
IMG080419092350.jpg,543,513
IMG080419092718.jpg,564,489
IMG080419093412.jpg,537,505
IMG080419094152.jpg,549,475
IMG080506100005.jpg,669,566
IMG080506100841.jpg,670,581
IMG080506102037.jpg,687,586
IMG080506102759.jpg,685,592
IMG080506104607.jpg,684,575
IMG080519123736.jpg,566,468
IMG080519140329.jpg,573,515
IMG080519140334.jpg,543,461
IMG080519150235.jpg,580,498
IMG080519150658.jpg,578,482
IMG080519154027.jpg,589,485
IMG080606000757.jpg,668,608
IMG080606022632.jpg,660,601
IMG080706015756.jpg,535,527
IMG080706021550.jpg,523,524
IMG080706022251.jpg,708,598
IMG080706022550.jpg,684,603
IMG080706022817.jpg,676,616
IMG080706044359.jpg,543,537
IMG080706044433.jpg,550,535
IMG080819093330.jpg,568,464
IMG080819095404.jpg,539,524
IMG080819095631.jpg,552,542
IMG080819102417.jpg,678,622
IMG080819102551.jpg,704,596
IMG080819102555.jpg,695,598
IMG080819102746.jpg,657,587
IMG080819102911.jpg,668,595
IMG080819102914.jpg,593,497
IMG080819105517.jpg,558,491
IMG080819105920.jpg,592,511
IMG080819110117.jpg,543,497
IMG080819110426.jpg,583,511
IMG080819110432.jpg,579,508
IMG080819110530.jpg,576,509
IMG080819110536.jpg,573,507
IMG080819112514.jpg,596,521
IMG080819113039.jpg,599,504
IMG090119083153.jpg,590,533
IMG090119111858.jpg,580,509
IMG090119113057.jpg,556,494
IMG090119134236.jpg,552,529
IMG090119140405.jpg,681,617
IMG090119144959.jpg,574,506
IMG090119152216.jpg,553,540
IMG090218092647.jpg,574,531
IMG090218095009.jpg,641,721
IMG090406033533.jpg,564,712
IMG090406033853.jpg,570,548
IMG090406051304.jpg,569,471
IMG090406052022.jpg,656,609
IMG090406100253.jpg,671,580
IMG090406101226.jpg,529,531
IMG090406204712.jpg,694,562
IMG090406210036.jpg,666,549
IMG090406210737.jpg,684,587
IMG090406211923.jpg,665,583
IMG090406212032.jpg,677,564
IMG090406212125.jpg,693,614
IMG090406212745.jpg,677,570
IMG090406213544.jpg,577,702
IMG090406213846.jpg,669,539
IMG090406214534.jpg,677,584
IMG090406220224.jpg,679,559
IMG090406224213.jpg,576,494
IMG090406225109.jpg,612,711
IMG090406225114.jpg,612,716
IMG090406225118.jpg,616,718
IMG090419085033.jpg,564,464
IMG090419120156.jpg,554,508
IMG090506235124.jpg,575,542
IMG090519081713.jpg,573,514
IMG090519083449.jpg,578,564
IMG090519083621.jpg,575,517
IMG090519084446.jpg,522,525
IMG090519084451.jpg,522,520
IMG090519084707.jpg,580,518
IMG090519085740.jpg,539,482
IMG090519102139.jpg,578,473
IMG090519102524.jpg,594,536
IMG090519104441.jpg,559,475
IMG090519105201.jpg,562,488
IMG090519105904.jpg,600,476
IMG090519110134.jpg,573,554
IMG090519110235.jpg,560,514
IMG090519113958.jpg,601,492
IMG090519114021.jpg,588,463
IMG090519114102.jpg,578,491
IMG090519114148.jpg,552,498
IMG090519114236.jpg,674,550
IMG090519114331.jpg,595,504
IMG090519114423.jpg,561,496
IMG090519114731.jpg,598,541
IMG090519114733.jpg,562,519
IMG090519114813.jpg,540,469
IMG090519114949.jpg,554,467
IMG090519115011.jpg,570,532
IMG090519115033.jpg,548,495
IMG090519115135.jpg,577,509
IMG090519115231.jpg,565,494
IMG090519123639.jpg,583,470
IMG090519123701.jpg,603,510
IMG090519123728.jpg,588,484
IMG090519123931.jpg,537,517
IMG090519124400.jpg,593,529
IMG090519124403.jpg,603,526
IMG090519124409.jpg,578,508
IMG090519125156.jpg,589,548
IMG090519125454.jpg,529,491
IMG090519125645.jpg,564,523
IMG090519125733.jpg,566,503
IMG090519125829.jpg,559,502
IMG090519130129.jpg,559,540
IMG090519130213.jpg,573,539
IMG090519130248.jpg,576,522
IMG090519130251.jpg,573,520
IMG090519130312.jpg,586,529
IMG090519130425.jpg,570,562
IMG090519130602.jpg,572,506
IMG090519130647.jpg,581,541
IMG090519131355.jpg,546,474
IMG090519131442.jpg,596,520
IMG090519131533.jpg,591,547
IMG090519131641.jpg,545,494
IMG090519131708.jpg,575,500
IMG090519131749.jpg,575,515
IMG090519131807.jpg,573,505
IMG090519131845.jpg,550,548
IMG090519132412.jpg,530,521
IMG090519132609.jpg,564,504
IMG090519132652.jpg,555,513
IMG090519132733.jpg,558,472
IMG090519133101.jpg,570,543
IMG090519133458.jpg,564,516
IMG090519133807.jpg,595,522
IMG090519133829.jpg,530,522
IMG090519133856.jpg,561,528
IMG090519133923.jpg,572,557
IMG090519134030.jpg,588,527
IMG090519134033.jpg,582,524
IMG090519134035.jpg,547,495
IMG090519134116.jpg,587,528
IMG090519134251.jpg,585,538
IMG090519134255.jpg,579,535
IMG090519134257.jpg,536,495
IMG090519134338.jpg,664,566
IMG090519135625.jpg,600,530
IMG090519135627.jpg,560,511
IMG090519135849.jpg,571,504
IMG090519135905.jpg,545,548
IMG090519140421.jpg,583,474
IMG090519140557.jpg,575,528
IMG090519140853.jpg,590,516
IMG090519140855.jpg,544,487
IMG090519141322.jpg,579,491
IMG090519141613.jpg,592,527
IMG090519142157.jpg,567,524
IMG090519145430.jpg,584,525
IMG090519150722.jpg,566,554
IMG090519151111.jpg,576,527
IMG090519151415.jpg,584,507
IMG090519152023.jpg,564,518
IMG090519152300.jpg,573,513
IMG090606224105.jpg,680,619
IMG090719092547.jpg,588,500
IMG090719092812.jpg,573,523
IMG090719093105.jpg,557,521
IMG090719093109.jpg,555,520
IMG090719124048.jpg,580,520
IMG090719124334.jpg,560,489
IMG090719124526.jpg,558,486
IMG090719125428.jpg,576,531
IMG090719125638.jpg,585,514
IMG090719125727.jpg,586,523
IMG090719125730.jpg,585,515
IMG090719125759.jpg,548,514
IMG090719131137.jpg,567,516
IMG090719131246.jpg,575,506
IMG090719131355.jpg,518,515
IMG090719131742.jpg,587,521
IMG090719134043.jpg,556,516
IMG090719134315.jpg,565,540
IMG090719134848.jpg,570,531
IMG090719134851.jpg,570,531
IMG090719135326.jpg,581,518
IMG090719135330.jpg,574,529
IMG090719135952.jpg,551,496
IMG090719140935.jpg,564,555
IMG090719140940.jpg,560,559
IMG090719141210.jpg,566,516
IMG090719141833.jpg,548,522
IMG090719142539.jpg,576,558
IMG090719142637.jpg,547,490
IMG090719142851.jpg,594,543
IMG090719142912.jpg,538,492
IMG090719142934.jpg,596,505
IMG090719143030.jpg,575,540
IMG090719144841.jpg,595,539
IMG090719145011.jpg,545,506
IMG090719145720.jpg,571,526
IMG090719145818.jpg,575,516
IMG090719150941.jpg,572,523
IMG090719155056.jpg,578,534
IMG090719155738.jpg,561,558
IMG090719160257.jpg,551,494
IMG090719161222.jpg,592,533
IMG090719161418.jpg,553,539
IMG090719161458.jpg,600,528
IMG090819093544.jpg,538,540
IMG090819093621.jpg,600,471
IMG090819103031.jpg,587,461
IMG090819103323.jpg,676,576
IMG090819103659.jpg,590,518
IMG090819105001.jpg,592,529
IMG090819105120.jpg,575,511
IMG090819110024.jpg,585,474
IMG090819110027.jpg,578,471
IMG090819145056.jpg,675,597
IMG090819151550.jpg,677,603
IMG090819153019.jpg,591,537
IMG090819154701.jpg,688,623
IMG090819155853.jpg,565,568
IMG090919092138.jpg,559,511
IMG090919092505.jpg,562,558
IMG090919092510.jpg,550,547
IMG090919094153.jpg,601,501
IMG090919115538.jpg,694,617
IMG090919123245.jpg,570,486
IMG090919124020.jpg,550,541
IMG090919124225.jpg,555,584
IMG090919124327.jpg,664,596
IMG090919124606.jpg,526,524
IMG090919125725.jpg,562,545
IMG090919125804.jpg,569,565
IMG090919131507.jpg,578,504
IMG090919142451.jpg,566,523
IMG090919154553.jpg,676,608
IMG090919155208.jpg,581,509
IMG090919161243.jpg,550,556
IMG090919161814.jpg,694,614
IMG100119082758.jpg,668,610
IMG100119085038.jpg,524,506
IMG100119085216.jpg,533,532
IMG100119091002.jpg,539,466
IMG100119091428.jpg,552,538
IMG100119095100.jpg,677,619
IMG100119104504.jpg,555,545
IMG100119105902.jpg,687,625
IMG100406005050.jpg,653,598
IMG100406013243.jpg,571,466
IMG100406013437.jpg,564,524
IMG100406014731.jpg,687,598
IMG100406015317.jpg,658,576
IMG100406024036.jpg,558,568
IMG100406025559.jpg,554,562
IMG100406034518.jpg,541,536
IMG100406035108.jpg,681,625
IMG100406035503.jpg,538,490
IMG100419130726.jpg,555,485
IMG100419131833.jpg,570,524
IMG100419131944.jpg,582,515
IMG100419133300.jpg,682,609
IMG100419133304.jpg,676,608
IMG100419135633.jpg,585,517
IMG100419140821.jpg,574,502
IMG100419140949.jpg,567,537
IMG100419150509.jpg,600,711
IMG100419150623.jpg,583,514
IMG100419152927.jpg,553,541
IMG100419160537.jpg,540,505
IMG100419162151.jpg,562,510
IMG100506013916.jpg,655,605
IMG100619091038.jpg,589,520
IMG100619095954.jpg,554,461
IMG100619100100.jpg,580,529
IMG100619103909.jpg,549,534
IMG100619110358.jpg,580,524
IMG100619110400.jpg,573,532
IMG100619111752.jpg,592,505
IMG100619111826.jpg,576,515
IMG100619114157.jpg,593,534
IMG100619114303.jpg,586,530
IMG100619114938.jpg,565,450
IMG100619115359.jpg,604,504
IMG100619120059.jpg,566,453
IMG100619123558.jpg,542,450
IMG100619124403.jpg,539,546
IMG100619125100.jpg,551,480
IMG100619125104.jpg,545,480
IMG100619125525.jpg,589,511
IMG100619125527.jpg,544,493
IMG100619125611.jpg,558,474
IMG100619130719.jpg,562,495
IMG100619131113.jpg,566,501
IMG100619131233.jpg,577,517
IMG100619132000.jpg,550,532
IMG100619132309.jpg,560,487
IMG100619142009.jpg,566,560
IMG100619162405.jpg,568,521
IMG100719091142.jpg,589,511
IMG100719091203.jpg,548,548
IMG100719094012.jpg,536,491
IMG100719094036.jpg,580,512
IMG100719094135.jpg,660,593
IMG100719094226.jpg,566,563
IMG100719094642.jpg,547,495
IMG100719095119.jpg,558,501
IMG100719102008.jpg,549,506
IMG100719102214.jpg,560,541
IMG100719102659.jpg,592,539
IMG100719102703.jpg,597,537
IMG100719102705.jpg,554,480
IMG100719103626.jpg,558,514
IMG100919073114.jpg,584,525
IMG100919094337.jpg,704,621
IMG100919112722.jpg,594,539
IMG100919113102.jpg,579,517
IMG100919113225.jpg,598,532
IMG100919114036.jpg,581,505
IMG100919115919.jpg,581,508
IMG100919123636.jpg,580,509
IMG100919123938.jpg,587,538
IMG100919124124.jpg,577,495
IMG100919124540.jpg,596,519
IMG100919125310.jpg,533,551
IMG100919125733.jpg,591,520
IMG100919133748.jpg,614,714
IMG100919133824.jpg,579,533
IMG100919152001.jpg,580,514
IMG100919161732.jpg,549,539
IMG100919162806.jpg,544,486
IMG100919163915.jpg,564,510
IMG100919164037.jpg,592,532
IMG100919165019.jpg,586,524
IMG100919165309.jpg,583,516
IMG110119102406.jpg,539,545
IMG110406021330.jpg,675,605
IMG110418131225.jpg,678,618
IMG110619083743.jpg,575,513
IMG110619085322.jpg,586,525
IMG110619092023.jpg,561,493
IMG110619095110.jpg,580,466
IMG110619095113.jpg,576,464
IMG110619102027.jpg,586,489
IMG110619102213.jpg,568,552
IMG110619102705.jpg,541,473
IMG110619103945.jpg,570,509
IMG110619104115.jpg,570,524
IMG110619104455.jpg,553,512
IMG110619104758.jpg,584,523
IMG110619104800.jpg,555,495
IMG110619104839.jpg,595,511
IMG110619110431.jpg,574,507
IMG110619113506.jpg,592,518
IMG110619113637.jpg,595,502
IMG110619114851.jpg,568,470
IMG110619114930.jpg,594,521
IMG110619114932.jpg,554,511
IMG110619124117.jpg,572,530
IMG110619124214.jpg,567,525
IMG110619124329.jpg,574,520
IMG110619124929.jpg,561,477
IMG110619125707.jpg,584,453
IMG110619130446.jpg,578,493
IMG110619130518.jpg,580,494
IMG110619130600.jpg,575,508
IMG110619130847.jpg,589,488
IMG110619130929.jpg,580,493
IMG110619132856.jpg,545,486
IMG110619133216.jpg,604,532
IMG110619133413.jpg,584,525
IMG110619133817.jpg,574,512
IMG110619134030.jpg,573,512
IMG110619134531.jpg,578,454
IMG110619134606.jpg,577,523
IMG110619135147.jpg,573,513
IMG110619135721.jpg,583,492
IMG110619135955.jpg,577,518
IMG110619140331.jpg,580,515
IMG110619141900.jpg,564,477
IMG110619141935.jpg,560,511
IMG110619142527.jpg,567,490
IMG110619142700.jpg,586,500
IMG110619145333.jpg,562,498
IMG110619145802.jpg,572,466
IMG110619150151.jpg,543,531
IMG110619154804.jpg,580,525
IMG110619160031.jpg,580,522
IMG110619160325.jpg,595,528
IMG110619160540.jpg,576,528
IMG110619161038.jpg,575,511
IMG110619161114.jpg,581,529
IMG110619161917.jpg,558,503
IMG110619162028.jpg,574,505
IMG110619162338.jpg,537,507
IMG110619162616.jpg,569,507
IMG110619162715.jpg,669,604
IMG110719094301.jpg,598,494
IMG110719094439.jpg,599,493
IMG110719101811.jpg,560,519
IMG110719114011.jpg,547,472
IMG110719114014.jpg,540,471
IMG110719114018.jpg,539,471
IMG110719114058.jpg,543,449
IMG110719114101.jpg,533,446
IMG110719114208.jpg,552,458
IMG110719114429.jpg,568,452
IMG110719120140.jpg,576,534
IMG110719120144.jpg,573,537
IMG110719120147.jpg,567,537
IMG110719131458.jpg,573,511
IMG110719131502.jpg,563,507
IMG110719131540.jpg,587,518
IMG110719134024.jpg,558,498
IMG110719135021.jpg,563,445
IMG110719135759.jpg,574,490
IMG110719141744.jpg,559,485
IMG110719141852.jpg,544,460
IMG110719145458.jpg,570,547
IMG110819072054.jpg,559,517
IMG110819072830.jpg,571,522
IMG110819090442.jpg,545,551
IMG110819101944.jpg,550,491
IMG110819101948.jpg,542,483
IMG110819102816.jpg,676,551
IMG110819113924.jpg,585,516
IMG110819124233.jpg,588,533
IMG110819124731.jpg,522,524
IMG110819125245.jpg,563,502
IMG110819125942.jpg,575,458
IMG110919095158.jpg,538,526
IMG110919105657.jpg,571,563
IMG110919105851.jpg,556,464
IMG110919110039.jpg,568,529
IMG110919110835.jpg,592,505
IMG110919112445.jpg,576,460
IMG110919113048.jpg,562,520
IMG110919113547.jpg,567,538
IMG110919114813.jpg,591,483
IMG110919115307.jpg,591,502
IMG110919120155.jpg,577,514
IMG110919124134.jpg,592,522
IMG110919125125.jpg,579,561
IMG110919125525.jpg,584,531
IMG110919130321.jpg,567,565
IMG110919131229.jpg,547,564
IMG110919131552.jpg,568,542
IMG110919131840.jpg,573,523
IMG110919131951.jpg,542,519
IMG110919132103.jpg,570,567
IMG110919154612.jpg,573,545
IMG110919155059.jpg,641,728
IMG110919160238.jpg,563,543
IMG110919160243.jpg,558,537
IMG120619095622.jpg,574,450
IMG120619095751.jpg,550,463
IMG120619102229.jpg,600,491
IMG120619103414.jpg,553,461
IMG120619103841.jpg,579,496
IMG120619105237.jpg,574,496
IMG120619123815.jpg,561,492
IMG120619123854.jpg,584,509
IMG120619124049.jpg,578,539
IMG120619124155.jpg,572,458
IMG120619124608.jpg,564,516
IMG120619124737.jpg,677,620
IMG120619124825.jpg,542,526
IMG120619124841.jpg,571,504
IMG120619124914.jpg,555,445
IMG120619125115.jpg,584,499
IMG120619125212.jpg,561,512
IMG120619125228.jpg,567,492
IMG120619130434.jpg,568,453
IMG120619130506.jpg,573,473
IMG120619130655.jpg,563,468
IMG120619130820.jpg,556,466
IMG120619134410.jpg,568,465
IMG120619134515.jpg,561,478
IMG120619135134.jpg,582,462
IMG120619135343.jpg,587,544
IMG120619140212.jpg,573,463
IMG120619140932.jpg,576,467
IMG120619141055.jpg,575,497
IMG120619141127.jpg,574,463
IMG120619141223.jpg,563,488
IMG120619141332.jpg,599,505
IMG120619151353.jpg,575,519
IMG120619151725.jpg,541,474
IMG120619152621.jpg,593,482
IMG120619152914.jpg,587,493
IMG120619153320.jpg,580,519
IMG120619154240.jpg,584,464
IMG120619154756.jpg,571,474
IMG120619155327.jpg,565,452
IMG120619155439.jpg,569,455
IMG120619155546.jpg,575,458
IMG120619155642.jpg,575,485
IMG120619155714.jpg,568,505
IMG120619160704.jpg,599,477
IMG120619160741.jpg,573,537
IMG120619160903.jpg,557,468
IMG120619161131.jpg,565,458
IMG120619161220.jpg,587,466
IMG120619161326.jpg,570,465
IMG120619161342.jpg,566,467
IMG120619161457.jpg,557,451
IMG120619161822.jpg,600,489
IMG120619162306.jpg,548,547
IMG120619162456.jpg,554,473
IMG120619162726.jpg,573,447
IMG120619163132.jpg,575,526
IMG120719095156.jpg,580,511
IMG120719095222.jpg,568,504
IMG120719100147.jpg,585,528
IMG120719102323.jpg,574,533
IMG120719112650.jpg,552,520
IMG120719124405.jpg,566,471
IMG120719124407.jpg,587,480
IMG120719124550.jpg,597,479
IMG120719131919.jpg,581,540
IMG120719132340.jpg,585,520
IMG120719132343.jpg,586,524
IMG120719132344.jpg,601,524
IMG120719132419.jpg,562,557
IMG120719132704.jpg,668,630
IMG120719132707.jpg,675,623
IMG120719132846.jpg,574,518
IMG120719133141.jpg,573,486
IMG120719133144.jpg,579,491
IMG120719133146.jpg,590,496
IMG120719133350.jpg,579,516
IMG120719133353.jpg,584,515
IMG120719133657.jpg,568,471
IMG120719133659.jpg,574,471
IMG120719133754.jpg,559,440
IMG120719134321.jpg,559,494
IMG120719135348.jpg,560,453
IMG120719135352.jpg,551,449
IMG120719140446.jpg,579,495
IMG120719142039.jpg,566,456
IMG120719142709.jpg,562,434
IMG120719142753.jpg,561,448
IMG120719142831.jpg,587,529
IMG120719145828.jpg,553,423
IMG120719150818.jpg,584,496
IMG120719151055.jpg,555,462
IMG120719155318.jpg,585,530
IMG120819093901.jpg,592,514
IMG120819123620.jpg,600,512
IMG120819125242.jpg,565,497
IMG120819161622.jpg,572,519
IMG120919090512.jpg,558,551
IMG120919091302.jpg,565,499
IMG120919105635.jpg,560,499
IMG120919110218.jpg,559,487
IMG120919111550.jpg,552,563
IMG120919113139.jpg,573,512
IMG120919114026.jpg,575,568
IMG120919114330.jpg,579,519
IMG120919115059.jpg,553,506
IMG120919124219.jpg,566,502
IMG120919130945.jpg,597,548
IMG130619112144.jpg,587,526
IMG130619154727.jpg,577,474
IMG130619154731.jpg,571,471
IMG130619154735.jpg,569,467
IMG130619155028.jpg,600,538
IMG130619155031.jpg,593,535
IMG130819125622.jpg,695,605
IMG130819130210.jpg,588,529
IMG130819131337.jpg,573,510
IMG130819132754.jpg,669,609
IMG130819132758.jpg,671,603
IMG130819133140.jpg,541,478
IMG130819134310.jpg,547,461
IMG130819134936.jpg,569,474
IMG130819140447.jpg,678,559
IMG130819140549.jpg,580,523
IMG130819140552.jpg,576,522
IMG130819140554.jpg,547,483
IMG130819140652.jpg,664,610
IMG130819140751.jpg,670,608
IMG130819141042.jpg,560,520
IMG130819142921.jpg,538,526
IMG130819142924.jpg,534,518
IMG130819143019.jpg,573,484
IMG130819144946.jpg,586,528
IMG130819144950.jpg,586,527
IMG130819144952.jpg,587,506
IMG130819145236.jpg,604,531
IMG130819145355.jpg,554,493
IMG130819145357.jpg,565,465
IMG130819145514.jpg,581,509
IMG130819150628.jpg,575,558
IMG130819150754.jpg,653,592
IMG130819151534.jpg,592,494
IMG130819151536.jpg,553,454
IMG130819151655.jpg,699,597
IMG130819151750.jpg,574,516
IMG130819151901.jpg,550,500
IMG130819152850.jpg,541,465
IMG130819154409.jpg,585,541
IMG130819154459.jpg,565,501
IMG130819154641.jpg,682,598
IMG130819154827.jpg,662,621
IMG130819154830.jpg,656,619
IMG130819155218.jpg,688,613
IMG130819155222.jpg,701,616
IMG130819155453.jpg,692,627
IMG130819162019.jpg,573,552
IMG130819163358.jpg,675,561
IMG130819163612.jpg,557,550
IMG130819163954.jpg,580,521
IMG130919091113.jpg,573,522
IMG130919091203.jpg,575,521
IMG130919091325.jpg,584,539
IMG130919091440.jpg,593,499
IMG130919093745.jpg,557,569
IMG130919093902.jpg,566,558
IMG130919102922.jpg,573,489
IMG130919104438.jpg,528,506
IMG130919111730.jpg,556,477
IMG130919114354.jpg,572,571
IMG130919115725.jpg,573,549
IMG130919141846.jpg,581,508
IMG130919142605.jpg,689,620
IMG130919143128.jpg,580,458
IMG130919144955.jpg,585,518
IMG140619134433.jpg,679,593
IMG140619134437.jpg,679,582
IMG140619145930.jpg,565,434
IMG140819092805.jpg,692,577
IMG140819092902.jpg,670,616
IMG140819092906.jpg,666,612
IMG140819094302.jpg,587,494
IMG140819094944.jpg,580,519
IMG140819095428.jpg,678,553
IMG140819095639.jpg,564,482
IMG140819095802.jpg,589,493
IMG140819101831.jpg,554,481
IMG140819102622.jpg,567,566
IMG140819102625.jpg,545,505
IMG140819102747.jpg,587,537
IMG140819102859.jpg,571,505
IMG140819103259.jpg,573,511
IMG140819103705.jpg,544,468
IMG140819104408.jpg,583,504
IMG140819104608.jpg,533,488
IMG140819105218.jpg,592,522
IMG140819105356.jpg,575,519
IMG140819105903.jpg,586,476
IMG140819110036.jpg,689,610
IMG140819111024.jpg,581,531
IMG140819111110.jpg,586,534
IMG140819111707.jpg,556,491
IMG140819111846.jpg,596,531
IMG140819111849.jpg,595,524
IMG140819111929.jpg,521,511
IMG140819112104.jpg,585,531
IMG140819113136.jpg,593,478
IMG140819113219.jpg,548,492
IMG140819113302.jpg,672,578
IMG140819113549.jpg,588,519
IMG140819114118.jpg,570,507
IMG140819114151.jpg,700,598
IMG140819114217.jpg,559,464
IMG140819114350.jpg,556,524
IMG140819114651.jpg,589,507
IMG140819114654.jpg,574,482
IMG140819123821.jpg,567,483
IMG140819123948.jpg,579,525
IMG140819124207.jpg,600,530
IMG140819135423.jpg,582,524
IMG140819135511.jpg,586,541
IMG140819135514.jpg,584,540
IMG140819135516.jpg,552,496
IMG140819135535.jpg,590,515
IMG140819135820.jpg,606,539
IMG140819135822.jpg,560,503
IMG140819141019.jpg,562,520
IMG140819141102.jpg,595,537
IMG140819141106.jpg,589,533
IMG140819141224.jpg,570,459
IMG140819142923.jpg,665,602
IMG140819142927.jpg,659,604
IMG140819143107.jpg,575,493
IMG140819143110.jpg,560,472
IMG140819144927.jpg,560,471
IMG140819145426.jpg,685,625
IMG140819145430.jpg,676,612
IMG140819145433.jpg,670,605
IMG140819150921.jpg,600,497
IMG140819151322.jpg,591,484
IMG140819151409.jpg,576,517
IMG140819151458.jpg,596,535
IMG140819152036.jpg,586,493
IMG140819152323.jpg,667,575
IMG140819160529.jpg,593,527
IMG140819160635.jpg,591,527
IMG140819160946.jpg,678,589
IMG140819160949.jpg,665,591
IMG140819161150.jpg,592,529
IMG140819161917.jpg,578,497
IMG140819161921.jpg,579,489
IMG150719093912.jpg,566,475
IMG150719093915.jpg,569,474
IMG150719102706.jpg,575,515
IMG150719102855.jpg,585,533
IMG150719110357.jpg,567,519
IMG150719111852.jpg,576,534
IMG150719113555.jpg,571,551
IMG150719113702.jpg,568,561
IMG150719113826.jpg,569,559
IMG150719114032.jpg,580,551
IMG150719114920.jpg,569,557
IMG150719125134.jpg,584,507
IMG150719125520.jpg,548,452
IMG150719130102.jpg,579,559
IMG150719130156.jpg,561,519
IMG150719132820.jpg,549,488
IMG150719134231.jpg,569,545
IMG150719135731.jpg,543,471
IMG150719162524.jpg,541,507
IMG150719163109.jpg,597,523
IMG150819110348.jpg,686,588
IMG150819111520.jpg,682,576
IMG150819113616.jpg,688,580
IMG150819115529.jpg,587,503
IMG150819115531.jpg,549,491
IMG150819132529.jpg,567,558
IMG150819135203.jpg,570,471
IMG150819135207.jpg,572,462
IMG150819135210.jpg,564,454
IMG150819153427.jpg,544,549
IMG150819154259.jpg,610,727
IMG150819154302.jpg,597,715
IMG150819161425.jpg,576,530
IMG150819162512.jpg,546,493
IMG150819162803.jpg,549,560
IMG150819163105.jpg,542,452
IMG150819163717.jpg,704,586
IMG150819165622.jpg,668,597
IMG150819165824.jpg,550,505
IMG160719094705.jpg,603,482
IMG160819093707.jpg,566,507
IMG160819093712.jpg,562,498
IMG160819094109.jpg,550,476
IMG160819103627.jpg,562,483
IMG160919104646.jpg,553,577
IMG160919110729.jpg,591,512
IMG160919113732.jpg,568,500
IMG160919113929.jpg,569,538
IMG160919133923.jpg,640,726
IMG160919162128.jpg,601,529
IMG170719081307.jpg,546,488
IMG170719081619.jpg,590,549
IMG170719081808.jpg,544,531
IMG170719081831.jpg,581,538
IMG170719082113.jpg,691,632
IMG170719082117.jpg,669,630
IMG170719082823.jpg,593,522
IMG170719083048.jpg,558,447
IMG170719083139.jpg,562,459
IMG170719083506.jpg,587,552
IMG170719083556.jpg,564,501
IMG170719083704.jpg,593,511
IMG170719083751.jpg,594,545
IMG170719084036.jpg,565,462
IMG170719085129.jpg,517,522
IMG170719085607.jpg,578,506
IMG170719091353.jpg,582,533
IMG170719092338.jpg,566,485
IMG170719092442.jpg,544,543
IMG170719094546.jpg,558,449
IMG170719101926.jpg,575,538
IMG170719102449.jpg,577,473
IMG170719103803.jpg,570,473
IMG170719104611.jpg,601,519
IMG170719104916.jpg,560,470
IMG170719112802.jpg,586,536
IMG170719113502.jpg,577,524
IMG170719113506.jpg,572,521
IMG170719113937.jpg,576,512
IMG170719114618.jpg,589,522
IMG170719123642.jpg,578,508
IMG170719123803.jpg,574,523
IMG170719123805.jpg,547,492
IMG170719124048.jpg,548,463
IMG170719125616.jpg,561,508
IMG170719125619.jpg,561,502
IMG170719131059.jpg,565,522
IMG170719131319.jpg,572,537
IMG170719131322.jpg,567,538
IMG170719131419.jpg,582,548
IMG170719131531.jpg,660,611
IMG170719132312.jpg,586,507
IMG170719132411.jpg,601,474
IMG170719132612.jpg,551,457
IMG170919075632.jpg,547,498
IMG170919115046.jpg,545,532
IMG170919115538.jpg,535,552
IMG170919123444.jpg,571,519
IMG180619090338.jpg,530,490
IMG180619090827.jpg,560,456
IMG180619091105.jpg,580,508
IMG180619091230.jpg,589,489
IMG180619091400.jpg,602,496
IMG180619091402.jpg,545,471
IMG180619091546.jpg,561,429
IMG180619091640.jpg,550,462
IMG180619092114.jpg,593,487
IMG180619092147.jpg,548,447
IMG180619092227.jpg,575,520
IMG180619102145.jpg,579,522
IMG180619115819.jpg,583,495
IMG180619145409.jpg,578,505
IMG180619150027.jpg,564,484
IMG180619150254.jpg,556,476
IMG180619153724.jpg,586,543
IMG180619154047.jpg,585,510
IMG180619155027.jpg,568,495
IMG180619155318.jpg,560,498
IMG180619155412.jpg,618,727
IMG180619155416.jpg,614,718
IMG180719081034.jpg,586,485
IMG180719081154.jpg,587,486
IMG180719081327.jpg,601,522
IMG180719081538.jpg,601,522
IMG180719082534.jpg,578,459
IMG180719082605.jpg,679,547
IMG180719090549.jpg,572,481
IMG180719090552.jpg,571,479
IMG180719092431.jpg,684,603
IMG180719111532.jpg,526,512
IMG180719111536.jpg,524,502
IMG180719111540.jpg,524,495
IMG180719134718.jpg,562,457
IMG180719134722.jpg,559,444
IMG180719134726.jpg,560,438
IMG180719142123.jpg,562,451
IMG180719142127.jpg,555,449
IMG180719142337.jpg,570,512
IMG180719142921.jpg,585,520
IMG180719154928.jpg,564,513
IMG180919111818.jpg,541,529
IMG180919113140.jpg,585,534
IMG180919113248.jpg,552,503
IMG180919114113.jpg,577,522
IMG180919114231.jpg,550,489
IMG180919124906.jpg,589,517
IMG180919125354.jpg,578,544
IMG180919125717.jpg,578,516
IMG180919131707.jpg,585,497
IMG180919131804.jpg,579,553
IMG180919140453.jpg,560,535
IMG180919150135.jpg,544,509
IMG180919150351.jpg,548,532
IMG180919154517.jpg,566,532
IMG180919155441.jpg,551,544
IMG180919160319.jpg,572,491
IMG180919162628.jpg,573,508
IMG180919164648.jpg,556,509
IMG190619093028.jpg,599,531
IMG190619093031.jpg,593,533
IMG190619093033.jpg,548,530
IMG190619093811.jpg,591,479
IMG190619094418.jpg,558,511
IMG190619094750.jpg,555,545
IMG190619095443.jpg,669,608
IMG190619100046.jpg,583,476
IMG190619100048.jpg,539,455
IMG190619103055.jpg,599,488
IMG190619104015.jpg,568,446
IMG190619104119.jpg,539,554
IMG190619110455.jpg,532,549
IMG190619110613.jpg,555,512
IMG190619110743.jpg,583,466
IMG190619111137.jpg,603,482
IMG190619152805.jpg,541,545
IMG190619152807.jpg,556,549
IMG190619153913.jpg,559,494
IMG190619155321.jpg,583,529
IMG190619161545.jpg,575,520
IMG190619161855.jpg,580,517
IMG190719092454.jpg,587,464
IMG190719092655.jpg,580,521
IMG190719092657.jpg,549,492
IMG190719100147.jpg,557,516
IMG190719100150.jpg,552,504
IMG190719102255.jpg,691,639
IMG190719102832.jpg,702,609
IMG190719102835.jpg,701,606
IMG190719105921.jpg,535,545
IMG190719105957.jpg,554,474
IMG190719110838.jpg,678,620
IMG190719113144.jpg,681,627
IMG190719113332.jpg,560,513
IMG190719113445.jpg,584,520
IMG190719123916.jpg,578,532
IMG190719125049.jpg,599,534
IMG190719125053.jpg,590,529
IMG190719125055.jpg,545,495
IMG190719135135.jpg,582,496
IMG190719140142.jpg,581,528
IMG190719140145.jpg,571,520
IMG190719141425.jpg,582,484
IMG190719145155.jpg,598,482
IMG190719154810.jpg,590,525
IMG190719154814.jpg,585,523
IMG190719154816.jpg,557,508
IMG190719155119.jpg,674,587
IMG190719155122.jpg,672,586
IMG190719155338.jpg,586,534
IMG190719161115.jpg,560,482
IMG190719161118.jpg,551,475
IMG190919105743.jpg,584,498
IMG190919113506.jpg,671,599
IMG190919113703.jpg,594,523
IMG190919113708.jpg,559,485
IMG190919114154.jpg,596,522
IMG190919123629.jpg,601,504
IMG190919123838.jpg,602,505
IMG190919124716.jpg,604,521
IMG190919132651.jpg,595,496
IMG190919135226.jpg,596,536
IMG190919135306.jpg,604,526
IMG190919135309.jpg,601,525
IMG190919135311.jpg,574,503
IMG190919135718.jpg,597,486
IMG190919135722.jpg,584,483
IMG190919135725.jpg,584,479
IMG200619094341.jpg,672,617
IMG200619095142.jpg,567,516
IMG200619095144.jpg,545,503
IMG200619095308.jpg,589,529
IMG200619103637.jpg,543,512
IMG200619104100.jpg,569,548
IMG200619125935.jpg,564,561
IMG200619131820.jpg,593,530
IMG200619154945.jpg,556,501
IMG210519090242.jpg,570,494
IMG210519095641.jpg,563,479
IMG210519095645.jpg,556,477
IMG210519095748.jpg,661,603
IMG210519095750.jpg,575,523
IMG210519101801.jpg,543,535
IMG210519102050.jpg,551,495
IMG210519102701.jpg,560,508
IMG210519102750.jpg,540,543
IMG210519103300.jpg,559,495
IMG210519103611.jpg,577,498
IMG210519103634.jpg,580,511
IMG210519105941.jpg,572,513
IMG210519105943.jpg,551,491
IMG210519110045.jpg,552,499
IMG210519110138.jpg,586,533
IMG210519110717.jpg,575,529
IMG210519110826.jpg,567,500
IMG210519110847.jpg,567,527
IMG210519111006.jpg,589,518
IMG210519111046.jpg,573,468
IMG210519111448.jpg,581,538
IMG210519111514.jpg,571,510
IMG210519111659.jpg,659,589
IMG210619073945.jpg,581,524
IMG210619074932.jpg,570,511
IMG210619075240.jpg,686,597
IMG210619075429.jpg,571,515
IMG210619080851.jpg,576,522
IMG210619104530.jpg,681,623
IMG210619114526.jpg,697,592
IMG210619114623.jpg,583,508
IMG210619115005.jpg,576,516
IMG210619134543.jpg,538,517
IMG210619135357.jpg,575,458
IMG210619135932.jpg,593,504
IMG210619140147.jpg,577,499
IMG210619151856.jpg,568,500
IMG210719133815.jpg,673,607
IMG210719135049.jpg,659,611
IMG210719135635.jpg,537,500
IMG220519102421.jpg,567,484
IMG220519104608.jpg,665,550
IMG220519105454.jpg,589,512
IMG220519105727.jpg,583,502
IMG220519110603.jpg,574,496
IMG220519110643.jpg,562,512
IMG220519111630.jpg,584,532
IMG220519111632.jpg,556,502
IMG220519114437.jpg,583,522
IMG220719112341.jpg,572,525
IMG220719113056.jpg,577,547
IMG220719124135.jpg,554,489
IMG220719135147.jpg,678,547
IMG220719135247.jpg,699,614
IMG220719135253.jpg,672,603
IMG220819091913.jpg,591,531
IMG220819092400.jpg,581,538
IMG220819093348.jpg,592,540
IMG220819094900.jpg,565,486
IMG220819095255.jpg,579,498
IMG220819102712.jpg,693,603
IMG220819103201.jpg,704,599
IMG220819103238.jpg,569,508
IMG220819123835.jpg,680,615
IMG220819124208.jpg,556,515
IMG220819124613.jpg,672,611
IMG220819124655.jpg,576,492
IMG220819125629.jpg,570,522
IMG220819131055.jpg,598,501
IMG220819131139.jpg,580,510
IMG220819131440.jpg,556,513
IMG220819131851.jpg,572,478
IMG220819131911.jpg,590,491
IMG220819131913.jpg,564,487
IMG220819132214.jpg,533,487
IMG220819132316.jpg,570,536
IMG220819132639.jpg,682,627
IMG220819132718.jpg,567,480
IMG220819133556.jpg,597,495
IMG220819135850.jpg,542,502
IMG220819140434.jpg,602,486
IMG220819140513.jpg,593,501
IMG220819140515.jpg,562,501
IMG220819140749.jpg,551,485
IMG220819140830.jpg,585,487
IMG220819141613.jpg,568,491
IMG220819141634.jpg,562,515
IMG220819141822.jpg,554,569
IMG220819142340.jpg,551,571
IMG220819142357.jpg,559,504
IMG220819142708.jpg,556,468
IMG220819144924.jpg,569,498
IMG220819144926.jpg,546,484
IMG220819145636.jpg,556,486
IMG220819145712.jpg,551,471
IMG220819150056.jpg,675,567
IMG220819151200.jpg,709,597
IMG220819152254.jpg,697,593
IMG220819153146.jpg,671,609
IMG230719095600.jpg,555,486
IMG230719095801.jpg,669,585
IMG230719095827.jpg,600,496
IMG230719103506.jpg,681,610
IMG230719110516.jpg,686,626
IMG230719112049.jpg,666,598
IMG230719112514.jpg,566,534
IMG230719112516.jpg,538,505
IMG230719123730.jpg,687,616
IMG230719123732.jpg,673,603
IMG230719124435.jpg,677,578
IMG230719124439.jpg,674,579
IMG230719124441.jpg,671,574
IMG230719124823.jpg,697,616
IMG230719132111.jpg,570,541
IMG230719132151.jpg,567,516
IMG230719132355.jpg,567,509
IMG230719133338.jpg,547,532
IMG230719133550.jpg,599,499
IMG240619074057.jpg,573,505
IMG240619074101.jpg,562,502
IMG240619074535.jpg,575,526
IMG240619075624.jpg,576,535
IMG240619075955.jpg,588,493
IMG240619080707.jpg,594,515
IMG240619084225.jpg,579,534
IMG240619141156.jpg,545,557
IMG240619141200.jpg,552,533
IMG240619141345.jpg,558,466
IMG240619142329.jpg,669,619
IMG240619142359.jpg,574,525
IMG240619142811.jpg,575,464
IMG240619142815.jpg,568,459
IMG240619143016.jpg,578,526
IMG240619143020.jpg,575,524
IMG240619143024.jpg,572,518
IMG240619143105.jpg,578,527
IMG240619145009.jpg,585,533
IMG240619150607.jpg,559,500
IMG240619151311.jpg,563,465
IMG240619152049.jpg,581,535
IMG240719095000.jpg,595,545
IMG240719095004.jpg,592,541
IMG240719095006.jpg,569,507
IMG240719095521.jpg,669,589
IMG240719102206.jpg,688,613
IMG240719102300.jpg,577,459
IMG240719110541.jpg,571,496
IMG240719111223.jpg,563,509
IMG240719111334.jpg,587,496
IMG240719115330.jpg,540,510
IMG240719124027.jpg,653,611
IMG240719125537.jpg,541,474
IMG240719130817.jpg,676,569
IMG240719131012.jpg,556,494
IMG240719131438.jpg,574,492
IMG240719132038.jpg,596,489
IMG240719145445.jpg,669,616
IMG240719152542.jpg,633,716
IMG240719153054.jpg,581,549
IMG240719153307.jpg,657,613
IMG240719153432.jpg,576,483
IMG240719154501.jpg,583,507
IMG240719154826.jpg,592,474
IMG240719164842.jpg,558,499
IMG240719164845.jpg,554,485
IMG250619103041.jpg,573,525
IMG250619125233.jpg,565,554
IMG250619140530.jpg,656,606
IMG250619150009.jpg,589,519
IMG250619150549.jpg,595,539
IMG250619151914.jpg,587,508
IMG250619152236.jpg,561,498
IMG250619154946.jpg,523,543
IMG250719100154.jpg,552,570
IMG250919095338.jpg,562,507
IMG250919102718.jpg,533,512
IMG250919110733.jpg,634,721
IMG250919110846.jpg,562,559
IMG250919111232.jpg,587,513
IMG250919111643.jpg,565,537
IMG250919112402.jpg,563,556
IMG250919112405.jpg,560,546
IMG250919113125.jpg,582,543
IMG250919124141.jpg,578,498
IMG250919124754.jpg,558,562
IMG250919125944.jpg,571,563
IMG250919130021.jpg,583,536
IMG250919131034.jpg,537,528
IMG250919132157.jpg,540,499
IMG250919141016.jpg,575,535
IMG250919141259.jpg,526,516
IMG250919141755.jpg,549,498
IMG250919142829.jpg,568,510
IMG250919143123.jpg,530,531
IMG250919153334.jpg,571,562
IMG250919163544.jpg,539,527
IMG250919163737.jpg,550,563
IMG260619091126.jpg,589,530
IMG260619091900.jpg,572,514
IMG260619091932.jpg,584,537
IMG260619105508.jpg,577,528
IMG260619112626.jpg,581,502
IMG260619113743.jpg,574,503
IMG260619113747.jpg,571,508
IMG260619113950.jpg,573,488
IMG260619115039.jpg,557,465
IMG260619115623.jpg,575,468
IMG260619115738.jpg,580,490
IMG260619115839.jpg,568,504
IMG260619123514.jpg,573,480
IMG260619123624.jpg,557,476
IMG260619123852.jpg,567,480
IMG260619124542.jpg,581,502
IMG260619125453.jpg,586,497
IMG260619125730.jpg,574,491
IMG260619125734.jpg,575,490
IMG260619125738.jpg,564,490
IMG260619125810.jpg,594,512
IMG260619130012.jpg,602,534
IMG260619130522.jpg,564,497
IMG260619130722.jpg,579,463
IMG260619131256.jpg,575,479
IMG260619131346.jpg,564,504
IMG260619132056.jpg,586,495
IMG260619132212.jpg,561,453
IMG260619132321.jpg,585,486
IMG260619132424.jpg,557,501
IMG260619133217.jpg,574,446
IMG260619133340.jpg,573,468
IMG260619134509.jpg,561,455
IMG260619135510.jpg,566,494
IMG260619135818.jpg,564,472
IMG260619135855.jpg,567,484
IMG260619140424.jpg,575,501
IMG260619140534.jpg,557,507
IMG260619140639.jpg,565,431
IMG260619140734.jpg,561,435
IMG260619140826.jpg,549,469
IMG260619141913.jpg,570,557
IMG260619142500.jpg,572,500
IMG260619142606.jpg,575,531
IMG260619142823.jpg,579,530
IMG260619143016.jpg,565,488
IMG260619145458.jpg,576,506
IMG260619145608.jpg,572,509
IMG260619150512.jpg,565,501
IMG260619150747.jpg,590,506
IMG260619151023.jpg,562,511
IMG260619151441.jpg,568,482
IMG260619152336.jpg,587,509
IMG260619153158.jpg,558,541
IMG260619153234.jpg,569,517
IMG260619154041.jpg,588,489
IMG260619154148.jpg,573,485
IMG260619154956.jpg,589,478
IMG260619155437.jpg,600,522
IMG260619160309.jpg,577,496
IMG260619160430.jpg,576,504
IMG260619160624.jpg,588,539
IMG260619161025.jpg,574,509
IMG260619161245.jpg,573,513
IMG260619161703.jpg,564,444
IMG260619161858.jpg,562,478
IMG260619162300.jpg,582,504
IMG260619162945.jpg,561,525
IMG260719113311.jpg,581,477
IMG260719114153.jpg,581,466
IMG260719114259.jpg,587,519
IMG260719114352.jpg,600,515
IMG260719132937.jpg,525,525
IMG260819101822.jpg,686,611
IMG260819150715.jpg,687,620
IMG260819152629.jpg,686,612
IMG260819162300.jpg,695,595
IMG260819162333.jpg,682,565
IMG260919091258.jpg,539,542
IMG260919091324.jpg,550,498
IMG260919091328.jpg,556,490
IMG260919092427.jpg,562,516
IMG260919093418.jpg,540,532
IMG260919094102.jpg,551,542
IMG260919094220.jpg,565,560
IMG260919100039.jpg,556,540
IMG260919140214.jpg,555,541
IMG260919140314.jpg,550,533
IMG260919141202.jpg,564,487
IMG260919141431.jpg,570,556
IMG260919142308.jpg,584,549
IMG260919142506.jpg,550,549
IMG260919142953.jpg,570,557
IMG260919150435.jpg,560,561
IMG260919150621.jpg,556,527
IMG260919151520.jpg,681,604
IMG260919151845.jpg,575,551
IMG260919152437.jpg,573,483
IMG270619091131.jpg,576,487
IMG270619092447.jpg,673,582
IMG270619093945.jpg,590,478
IMG270619093949.jpg,584,474
IMG270619093953.jpg,579,474
IMG270619094208.jpg,580,504
IMG270619102811.jpg,595,487
IMG270619102939.jpg,582,473
IMG270619103151.jpg,586,514
IMG270619103527.jpg,685,559
IMG270619104152.jpg,674,583
IMG270619104211.jpg,703,605
IMG270619104214.jpg,701,603
IMG270619104216.jpg,685,573
IMG270619110025.jpg,599,521
IMG270619110027.jpg,546,505
IMG270619111139.jpg,576,529
IMG270619111253.jpg,594,493
IMG270619111513.jpg,557,522
IMG270619111853.jpg,595,526
IMG270619111855.jpg,543,517
IMG270619111935.jpg,578,503
IMG270619112024.jpg,583,472
IMG270619112122.jpg,556,549
IMG270619112321.jpg,567,450
IMG270619112914.jpg,576,457
IMG270619124915.jpg,529,538
IMG270619125444.jpg,593,522
IMG270619125638.jpg,588,727
IMG270619125811.jpg,664,607
IMG270619130057.jpg,540,495
IMG270619130610.jpg,696,569
IMG270819102747.jpg,555,498
IMG270819103149.jpg,584,546
IMG270819113959.jpg,679,622
IMG270819115650.jpg,542,507
IMG270819131605.jpg,550,536
IMG270819135356.jpg,567,529
IMG270819152624.jpg,573,538
IMG270819154410.jpg,563,493
IMG270919151643.jpg,589,542
IMG270919151943.jpg,582,528
IMG270919153516.jpg,556,495
IMG270919153935.jpg,574,540
IMG270919154321.jpg,581,490
IMG270919155007.jpg,545,544
IMG270919155348.jpg,546,504
IMG270919160122.jpg,534,511
IMG270919161112.jpg,562,493
IMG270919161948.jpg,579,517
IMG280519155223.jpg,544,458
IMG280819113731.jpg,589,514
IMG280819113854.jpg,588,548
IMG280819135009.jpg,676,620
IMG280819141431.jpg,561,565
IMG280819151739.jpg,682,614
IMG280819155152.jpg,569,476
IMG280819161542.jpg,559,508
IMG280919111001.jpg,564,558
IMG290519151634.jpg,581,523
IMG290519161335.jpg,559,460
IMG290719123259.jpg,601,483
IMG290719123305.jpg,599,484
IMG290719123311.jpg,595,481
IMG290719123745.jpg,588,494
IMG290719134649.jpg,563,524
IMG290719140339.jpg,587,531
IMG290719140345.jpg,583,518
IMG290719142448.jpg,576,512
IMG290719145217.jpg,547,449
IMG290719160307.jpg,570,511
IMG290719161017.jpg,567,557
IMG290819094551.jpg,672,612
IMG290819105102.jpg,688,606
IMG300519095136.jpg,532,464
IMG300719094829.jpg,580,533
IMG300719102455.jpg,548,486
IMG300719141625.jpg,562,460
IMG300719145405.jpg,540,516
IMG300719165400.jpg,592,541
IMG300819093905.jpg,572,497
IMG300819095652.jpg,591,543
IMG300819102021.jpg,563,546
IMG300819110311.jpg,602,524
IMG300819124748.jpg,689,603
IMG300819125003.jpg,586,527
IMG300819125627.jpg,568,531
IMG300819130758.jpg,570,477
IMG300819131702.jpg,592,525
IMG300819132155.jpg,678,603
IMG300819132312.jpg,569,529
IMG300819135923.jpg,591,472
IMG300819142656.jpg,591,512
IMG300819151343.jpg,673,613
IMG300819151753.jpg,538,536
IMG300819160145.jpg,688,638
IMG300819161214.jpg,576,536
IMG300919092430.jpg,571,519
IMG300919093205.jpg,551,525
IMG300919095818.jpg,556,488
IMG300919111341.jpg,570,511
IMG300919114428.jpg,528,547
IMG300919115404.jpg,588,498
IMG300919115540.jpg,560,491
IMG300919115732.jpg,585,529
IMG300919120107.jpg,562,557
IMG300919131305.jpg,556,563
IMG300919133120.jpg,573,515
IMG300919161151.jpg,556,507
IMG300919162901.jpg,553,549
IMG300919163739.jpg,589,527
IMG310719090706.jpg,571,521
IMG310719093014.jpg,539,496
IMG310719102046.jpg,625,729
IMG310719140507.jpg,561,503
IMG310719144800.jpg,594,488
IMG310719154006.jpg,581,520
IMG010319153845.jpg,669,558
IMG010319153937.jpg,704,593
IMG010519142631.jpg,556,512
IMG020218124533.jpg,589,531
IMG020218130456.jpg,589,525
IMG020418133020.jpg,564,495
IMG020418133023.jpg,570,530
IMG020418133335.jpg,559,517
IMG020418144632.jpg,593,505
IMG020418150033.jpg,570,542
IMG020418150515.jpg,598,529
IMG020418151831.jpg,584,570
IMG020418154513.jpg,593,493
IMG020418154741.jpg,570,556
IMG020418161527.jpg,591,531
IMG020418162258.jpg,596,518
IMG020418162343.jpg,580,557
IMG020418162452.jpg,573,490
IMG020418163424.jpg,571,537
IMG020418165327.jpg,550,541
IMG020819111826.jpg,542,487
IMG030418092139.jpg,580,514
IMG030419123758.jpg,559,452
IMG030419124136.jpg,550,501
IMG030419124300.jpg,608,710
IMG030419141135.jpg,536,487
IMG040419142152.jpg,551,480
IMG040419142655.jpg,589,489
IMG040606210922.jpg,533,512
IMG050219145233.jpg,564,514
IMG050419110216.jpg,587,527
IMG050419110238.jpg,571,469
IMG050606222412.jpg,579,528
IMG050706174809.jpg,658,589
IMG060519135205.jpg,550,504
IMG060519135721.jpg,556,461
IMG060519152052.jpg,541,470
IMG060606045447.jpg,595,451
IMG060919152648.jpg,569,471
IMG070218111350.jpg,561,538
IMG070218115017.jpg,579,476
IMG070606210745.jpg,692,599
IMG080406193333.jpg,695,595
IMG080506102438.jpg,674,614
IMG080506102755.jpg,690,597
IMG090119145501.jpg,571,531
IMG090406051116.jpg,569,463
IMG090406205258.jpg,539,533
IMG100419160604.jpg,534,543
IMG110406021123.jpg,683,620
IMG140619134440.jpg,680,570
IMG170719105037.jpg,574,501
IMG220519103305.jpg,574,478
IMG250619151604.jpg,535,478
