IMG020419092624.jpg,522,354
IMG020419092716.jpg,551,369
IMG020419092730.jpg,608,365
IMG020419092734.jpg,597,357
IMG020419092737.jpg,595,349
IMG010218073415.jpg,471,454
IMG010218073710.jpg,785,771
IMG010218073714.jpg,779,763
IMG010218073718.jpg,773,758
IMG010218073720.jpg,735,727
IMG010406022936.jpg,771,743
IMG010406023132.jpg,790,773
IMG010406034059.jpg,546,531
IMG010406052526.jpg,630,619
IMG010406213552.jpg,773,771
IMG010406214147.jpg,600,612
IMG010406222825.jpg,663,641
IMG010406223132.jpg,661,633
IMG010406223155.jpg,535,512
IMG010419090452.jpg,763,750
IMG010506233143.jpg,769,747
IMG010506233147.jpg,764,742
IMG010506233149.jpg,734,709
IMG010519110521.jpg,655,647
IMG010519111239.jpg,581,575
IMG010519111430.jpg,555,531
IMG010519113929.jpg,604,593
IMG010519125910.jpg,523,526
IMG010606183444.jpg,587,571
IMG010606190737.jpg,578,557
IMG010606201438.jpg,501,488
IMG010606201617.jpg,546,538
IMG010606201837.jpg,610,603
IMG010606201839.jpg,578,558
IMG010606205036.jpg,497,476
IMG010606205538.jpg,614,611
IMG010606223520.jpg,552,544
IMG010606223603.jpg,734,720
IMG010706040048.jpg,553,541
IMG010706213109.jpg,679,695
IMG010706213347.jpg,671,665
IMG010706215323.jpg,738,737
IMG010706215550.jpg,864,854
IMG010706222942.jpg,766,763
IMG010706224503.jpg,662,641
IMG020218072156.jpg,533,510
IMG020218090313.jpg,584,572
IMG020218115021.jpg,555,550
IMG020218130157.jpg,602,577
IMG020318132149.jpg,472,457
IMG020318141433.jpg,589,563
IMG020406060038.jpg,541,525
IMG020406083010.jpg,526,521
IMG020406083014.jpg,528,512
IMG020406142849.jpg,500,507
IMG020406150738.jpg,602,606
IMG020406150747.jpg,609,604
IMG020406195443.jpg,587,573
IMG020406223254.jpg,616,593
IMG020406230320.jpg,533,525
IMG020418102623.jpg,573,554
IMG020418104631.jpg,459,456
IMG020418104752.jpg,591,579
IMG020418104755.jpg,462,449
IMG020418110719.jpg,614,598
IMG020418110724.jpg,613,594
IMG020418124543.jpg,570,570
IMG020418131748.jpg,564,554
IMG020418140723.jpg,726,723
IMG020418142516.jpg,767,744
IMG020418150228.jpg,732,715
IMG020418151015.jpg,568,554
IMG020418151726.jpg,577,578
IMG020418152851.jpg,576,567
IMG020418154140.jpg,555,555
IMG020418154607.jpg,546,548
IMG020418161436.jpg,580,567
IMG020418161602.jpg,595,571
IMG020418162340.jpg,588,567
IMG020419092811.jpg,689,675
IMG020419092815.jpg,686,674
IMG020419092819.jpg,677,673
IMG020419093644.jpg,686,683
IMG020419132257.jpg,507,502
IMG020506233756.jpg,683,674
IMG020506235453.jpg,639,621
IMG020519134224.jpg,652,636
IMG020519134557.jpg,599,592
IMG020519155047.jpg,597,590
IMG020606001240.jpg,550,534
IMG020606003528.jpg,601,598
IMG020606003637.jpg,591,578
IMG020606004712.jpg,515,510
IMG020606013531.jpg,517,505
IMG020606152307.jpg,526,513
IMG020606191444.jpg,626,622
IMG020606221606.jpg,800,780
IMG020606234853.jpg,734,709
IMG020706012059.jpg,654,640
IMG020706012337.jpg,644,625
IMG020706012504.jpg,548,535
IMG030406032632.jpg,685,691
IMG030406052020.jpg,741,714
IMG030406052110.jpg,737,714
IMG030406060937.jpg,743,720
IMG030406072636.jpg,755,735
IMG030406072639.jpg,759,739
IMG030406080859.jpg,539,513
IMG030406085611.jpg,718,705
IMG030418124132.jpg,498,497
IMG030418124514.jpg,552,552
IMG030418130944.jpg,460,451
IMG030418164143.jpg,577,567
IMG030419104910.jpg,544,526
IMG030419105729.jpg,578,561
IMG030419124530.jpg,679,668
IMG030419124534.jpg,674,655
IMG030419124537.jpg,669,646
IMG030419130037.jpg,611,595
IMG030506023350.jpg,615,616
IMG030506031927.jpg,554,543
IMG030506050913.jpg,641,619
IMG030506050917.jpg,643,616
IMG030506072856.jpg,611,603
IMG030506080716.jpg,663,651
IMG030506080917.jpg,651,638
IMG030506082121.jpg,679,658
IMG030506161329.jpg,757,762
IMG030506161333.jpg,749,743
IMG030506162423.jpg,747,723
IMG030506165539.jpg,694,685
IMG030506171231.jpg,741,729
IMG030506171348.jpg,658,632
IMG030506175223.jpg,760,734
IMG030506175227.jpg,741,731
IMG030506180904.jpg,616,605
IMG030506182811.jpg,606,594
IMG030506191317.jpg,707,691
IMG030506203614.jpg,799,793
IMG030506205618.jpg,754,746
IMG030506211358.jpg,743,732
IMG030506215537.jpg,772,751
IMG030506222225.jpg,752,741
IMG030519124638.jpg,670,659
IMG030519141426.jpg,565,556
IMG030606000209.jpg,746,725
IMG030606000813.jpg,766,746
IMG030606000919.jpg,616,598
IMG030606002021.jpg,632,613
IMG030606162252.jpg,578,570
IMG030606162254.jpg,541,540
IMG030606162256.jpg,575,565
IMG030606162258.jpg,544,541
IMG030606162626.jpg,419,417
IMG030606181907.jpg,676,649
IMG030606204030.jpg,765,752
IMG030606210536.jpg,698,674
IMG040319080243.jpg,691,685
IMG040319132749.jpg,741,727
IMG040406032147.jpg,741,723
IMG040406033642.jpg,725,707
IMG040406033801.jpg,797,777
IMG040406033852.jpg,766,753
IMG040406033855.jpg,764,753
IMG040406033857.jpg,720,701
IMG040406034846.jpg,541,526
IMG040406034951.jpg,757,740
IMG040406034953.jpg,686,673
IMG040406035302.jpg,670,659
IMG040406040513.jpg,716,696
IMG040406042008.jpg,760,733
IMG040406052745.jpg,746,723
IMG040406060813.jpg,772,753
IMG040406214056.jpg,685,681
IMG040406214851.jpg,679,662
IMG040406215433.jpg,668,647
IMG040406215606.jpg,689,665
IMG040406220522.jpg,743,739
IMG040406233023.jpg,795,767
IMG040406233027.jpg,788,769
IMG040406233031.jpg,787,768
IMG040406233410.jpg,762,755
IMG040406233721.jpg,661,639
IMG040406235430.jpg,707,711
IMG040418072828.jpg,640,615
IMG040418072832.jpg,635,613
IMG040418073216.jpg,638,610
IMG040418093522.jpg,546,544
IMG040418112348.jpg,547,538
IMG040418112805.jpg,532,517
IMG040418135224.jpg,579,564
IMG040418140342.jpg,730,725
IMG040419105437.jpg,629,612
IMG040419111553.jpg,585,566
IMG040419112742.jpg,630,617
IMG040419113134.jpg,561,561
IMG040419131636.jpg,657,641
IMG040419141549.jpg,654,632
IMG040506000709.jpg,648,633
IMG040506001006.jpg,771,754
IMG040506005823.jpg,749,734
IMG040506005914.jpg,691,683
IMG040506010111.jpg,769,751
IMG040506011630.jpg,598,574
IMG040506012006.jpg,713,724
IMG040506013340.jpg,759,735
IMG040506032200.jpg,755,740
IMG040506044930.jpg,582,572
IMG040506052056.jpg,639,632
IMG040506160204.jpg,629,625
IMG040506174440.jpg,679,659
IMG040506180005.jpg,572,563
IMG040506180256.jpg,609,605
IMG040506182315.jpg,571,560
IMG040506183907.jpg,749,750
IMG040506204015.jpg,771,765
IMG040506210038.jpg,596,593
IMG040506215348.jpg,711,708
IMG040506221344.jpg,581,579
IMG040506222228.jpg,642,641
IMG040506231605.jpg,772,761
IMG040506231614.jpg,764,763
IMG040506233642.jpg,740,720
IMG040506233646.jpg,744,724
IMG040606212444.jpg,613,593
IMG040606213232.jpg,628,622
IMG040606213236.jpg,630,615
IMG040606214038.jpg,615,598
IMG040606223208.jpg,584,593
IMG040606223723.jpg,569,557
IMG040606224210.jpg,505,503
IMG040606224425.jpg,621,593
IMG040606233914.jpg,657,653
IMG040606234654.jpg,608,603
IMG040606235532.jpg,627,603
IMG040606235710.jpg,738,716
IMG040606235727.jpg,588,564
IMG040619135856.jpg,569,562
IMG040619140812.jpg,626,616
IMG040706224251.jpg,716,694
IMG040706225213.jpg,731,708
IMG040706231147.jpg,699,688
IMG040706235045.jpg,732,721
IMG040706235357.jpg,676,665
IMG040919111025.jpg,615,603
IMG041218090850.jpg,693,700
IMG041218093926.jpg,664,668
IMG041218093929.jpg,677,659
IMG041218102542.jpg,719,691
IMG041218110157.jpg,681,675
IMG041218131710.jpg,644,625
IMG041218133439.jpg,733,713
IMG041218133442.jpg,731,712
IMG041218140222.jpg,609,598
IMG041218145613.jpg,718,719
IMG041218150647.jpg,638,623
IMG041218150821.jpg,317,318
IMG050219130436.jpg,689,669
IMG050219130439.jpg,694,670
IMG050219132638.jpg,649,639
IMG050318081804.jpg,604,604
IMG050319112639.jpg,691,680
IMG050319114221.jpg,730,724
IMG050319114225.jpg,727,723
IMG050319114921.jpg,664,560
IMG050319134045.jpg,668,650
IMG050319150208.jpg,700,684
IMG050319150212.jpg,696,685
IMG050406005523.jpg,721,708
IMG050406010600.jpg,732,728
IMG050406010603.jpg,700,676
IMG050406011801.jpg,735,733
IMG050406013829.jpg,722,710
IMG050406014714.jpg,704,698
IMG050406014721.jpg,701,697
IMG050406020637.jpg,710,689
IMG050406020757.jpg,723,706
IMG050406022857.jpg,756,736
IMG050406022901.jpg,751,733
IMG050406024054.jpg,714,713
IMG050406033847.jpg,666,654
IMG050406034038.jpg,708,684
IMG050406054501.jpg,598,579
IMG050406070818.jpg,579,580
IMG050406070935.jpg,687,670
IMG050406210259.jpg,793,771
IMG050406213540.jpg,737,707
IMG050406213548.jpg,729,702
IMG050406213740.jpg,765,757
IMG050406221213.jpg,784,769
IMG050406221217.jpg,779,765
IMG050419090548.jpg,582,559
IMG050419091146.jpg,532,525
IMG050419093224.jpg,577,567
IMG050419093227.jpg,570,554
IMG050419093230.jpg,564,547
IMG050506000654.jpg,752,750
IMG050506000657.jpg,754,749
IMG050506001126.jpg,709,681
IMG050506001223.jpg,789,759
IMG050506001228.jpg,772,756
IMG050506003534.jpg,733,721
IMG050506004947.jpg,790,787
IMG050506004950.jpg,788,783
IMG050506005310.jpg,765,755
IMG050506005312.jpg,719,717
IMG050506005829.jpg,780,774
IMG050506005832.jpg,755,745
IMG050506005833.jpg,785,772
IMG050506005837.jpg,782,768
IMG050506012238.jpg,767,744
IMG050506012242.jpg,766,740
IMG050506012248.jpg,716,696
IMG050506012354.jpg,743,719
IMG050506012357.jpg,741,720
IMG050506012504.jpg,793,768
IMG050506012513.jpg,726,710
IMG050506013712.jpg,669,645
IMG050506015028.jpg,750,729
IMG050506031003.jpg,700,695
IMG050506031523.jpg,775,765
IMG050506035917.jpg,743,723
IMG050506161750.jpg,766,767
IMG050506161753.jpg,763,764
IMG050506163249.jpg,755,746
IMG050506163252.jpg,716,717
IMG050506170524.jpg,631,612
IMG050506183121.jpg,775,751
IMG050506185647.jpg,809,784
IMG050506185650.jpg,805,783
IMG050506203300.jpg,816,799
IMG050506205248.jpg,760,738
IMG050506211447.jpg,734,719
IMG050506211452.jpg,740,716
IMG050506212732.jpg,755,747
IMG050506212734.jpg,710,708
IMG050506224124.jpg,558,536
IMG050506225903.jpg,748,725
IMG050506225907.jpg,744,722
IMG050506231601.jpg,705,695
IMG050506231716.jpg,558,537
IMG050606045226.jpg,624,606
IMG050606045602.jpg,656,641
IMG050606081715.jpg,686,677
IMG050606084039.jpg,659,635
IMG050606084043.jpg,643,626
IMG050606084625.jpg,598,578
IMG050606084628.jpg,474,456
IMG050606092442.jpg,661,649
IMG050606094038.jpg,686,673
IMG050606094040.jpg,611,597
IMG050606103040.jpg,639,627
IMG050606111437.jpg,703,699
IMG050606113837.jpg,691,669
IMG050606121846.jpg,701,681
IMG050606122440.jpg,646,629
IMG050606123234.jpg,721,701
IMG050606160706.jpg,650,644
IMG050606161048.jpg,610,602
IMG050606161052.jpg,611,596
IMG050606161349.jpg,571,577
IMG050606161742.jpg,599,583
IMG050606163637.jpg,580,560
IMG050606163641.jpg,572,553
IMG050606163644.jpg,556,544
IMG050606171036.jpg,593,581
IMG050606171039.jpg,605,582
IMG050606171131.jpg,609,587
IMG050606174836.jpg,612,599
IMG050606175915.jpg,613,593
IMG050606180012.jpg,600,608
IMG050606180654.jpg,569,582
IMG050606181318.jpg,628,631
IMG050606181321.jpg,616,626
IMG050606181325.jpg,623,624
IMG050606182442.jpg,595,584
IMG050606182614.jpg,586,561
IMG050606182759.jpg,603,592
IMG050606183443.jpg,609,583
IMG050606184932.jpg,608,591
IMG050606185101.jpg,562,554
IMG050606185201.jpg,622,611
IMG050606185634.jpg,583,567
IMG050606185638.jpg,575,561
IMG050606203252.jpg,607,583
IMG050606221311.jpg,647,627
IMG050606221315.jpg,629,617
IMG050606231431.jpg,582,581
IMG050606232058.jpg,600,575
IMG050606232415.jpg,510,499
IMG050606234424.jpg,470,477
IMG050619091041.jpg,576,572
IMG050619091934.jpg,703,700
IMG050619092758.jpg,606,597
IMG050619131832.jpg,625,613
IMG050706022232.jpg,738,719
IMG050706030217.jpg,759,741
IMG050706030607.jpg,677,664
IMG050706030815.jpg,735,732
IMG050706041520.jpg,769,757
IMG050706042206.jpg,713,699
IMG050706163633.jpg,740,741
IMG050706174812.jpg,621,612
IMG050706175208.jpg,634,608
IMG050706192024.jpg,790,781
IMG050706192027.jpg,790,776
IMG050706192031.jpg,789,774
IMG050706195826.jpg,733,709
IMG050706231440.jpg,599,579
IMG051218090826.jpg,642,626
IMG051218105712.jpg,715,697
IMG051218111700.jpg,647,631
IMG051218125145.jpg,736,739
IMG060319075014.jpg,633,620
IMG060319134452.jpg,595,585
IMG060406000455.jpg,775,759
IMG060406000458.jpg,772,759
IMG060406000501.jpg,744,730
IMG060406005236.jpg,686,682
IMG060406010203.jpg,761,759
IMG060406010205.jpg,721,702
IMG060406010633.jpg,726,723
IMG060406030518.jpg,771,757
IMG060406030521.jpg,767,760
IMG060406030752.jpg,671,656
IMG060406031038.jpg,724,713
IMG060406032212.jpg,721,707
IMG060406033851.jpg,715,708
IMG060406040332.jpg,613,606
IMG060406040434.jpg,719,701
IMG060406041353.jpg,648,633
IMG060406041743.jpg,790,778
IMG060406041747.jpg,786,778
IMG060406042016.jpg,722,707
IMG060406045816.jpg,734,716
IMG060406051814.jpg,730,715
IMG060406060212.jpg,748,748
IMG060406061641.jpg,559,541
IMG060406063036.jpg,690,674
IMG060406070852.jpg,775,756
IMG060406072336.jpg,762,747
IMG060406072340.jpg,761,747
IMG060406072342.jpg,716,715
IMG060406072825.jpg,710,700
IMG060406075657.jpg,548,536
IMG060406094508.jpg,569,560
IMG060406100411.jpg,696,682
IMG060406101349.jpg,701,677
IMG060406200901.jpg,728,697
IMG060406201442.jpg,746,726
IMG060406202705.jpg,763,741
IMG060406204410.jpg,696,673
IMG060406205848.jpg,768,756
IMG060406214410.jpg,737,758
IMG060406221055.jpg,753,742
IMG060406221739.jpg,737,726
IMG060406221743.jpg,730,722
IMG060406221818.jpg,725,704
IMG060406222501.jpg,572,548
IMG060406223555.jpg,553,548
IMG060406224938.jpg,764,755
IMG060406224941.jpg,759,751
IMG060406224943.jpg,728,715
IMG060406225024.jpg,709,714
IMG060406234449.jpg,722,723
IMG060406234451.jpg,698,680
IMG060406234455.jpg,698,681
IMG060506160536.jpg,714,693
IMG060506163032.jpg,774,743
IMG060506171617.jpg,708,692
IMG060506174400.jpg,765,750
IMG060506174404.jpg,766,748
IMG060506174407.jpg,620,620
IMG060506174818.jpg,744,722
IMG060506174825.jpg,597,597
IMG060506181143.jpg,606,582
IMG060506191045.jpg,718,696
IMG060506191621.jpg,774,751
IMG060506191625.jpg,771,746
IMG060506200656.jpg,766,740
IMG060506200701.jpg,776,740
IMG060506202045.jpg,816,799
IMG060506202048.jpg,813,797
IMG060506202703.jpg,612,603
IMG060506203127.jpg,538,527
IMG060506203913.jpg,601,600
IMG060506204304.jpg,608,582
IMG060506204749.jpg,780,760
IMG060506204753.jpg,779,757
IMG060506204755.jpg,742,726
IMG060506205618.jpg,796,780
IMG060506205620.jpg,742,732
IMG060506205837.jpg,600,589
IMG060506210853.jpg,805,787
IMG060506210857.jpg,803,781
IMG060506210859.jpg,751,744
IMG060506212820.jpg,800,778
IMG060506212823.jpg,795,775
IMG060506212826.jpg,752,732
IMG060506213055.jpg,638,616
IMG060506213424.jpg,799,782
IMG060506213428.jpg,796,777
IMG060506213430.jpg,750,747
IMG060506213530.jpg,778,767
IMG060506213534.jpg,776,764
IMG060506213537.jpg,773,763
IMG060506213613.jpg,705,683
IMG060506213714.jpg,785,758
IMG060506213719.jpg,779,754
IMG060506214657.jpg,778,757
IMG060506214700.jpg,776,752
IMG060506214702.jpg,715,713
IMG060506215015.jpg,633,630
IMG060506215140.jpg,779,767
IMG060506215144.jpg,774,765
IMG060506215147.jpg,772,762
IMG060506215149.jpg,731,732
IMG060506215304.jpg,792,774
IMG060506215307.jpg,792,771
IMG060506215310.jpg,765,747
IMG060506221444.jpg,740,715
IMG060519100243.jpg,699,687
IMG060519151719.jpg,613,602
IMG060519163239.jpg,559,555
IMG060606045449.jpg,462,465
IMG060606062324.jpg,703,690
IMG060606070524.jpg,686,682
IMG060606070527.jpg,576,554
IMG060606080237.jpg,647,635
IMG060606080240.jpg,644,627
IMG060606080638.jpg,524,510
IMG060606094758.jpg,754,737
IMG060606115557.jpg,607,588
IMG060706142927.jpg,607,582
IMG060919093856.jpg,630,611
IMG060919110949.jpg,614,603
IMG060919152248.jpg,626,614
IMG060919152253.jpg,623,609
IMG060919155633.jpg,590,576
IMG070119074519.jpg,641,629
IMG070119082521.jpg,635,607
IMG070119091841.jpg,634,629
IMG070218111347.jpg,582,563
IMG070218125639.jpg,623,603
IMG070218125817.jpg,624,614
IMG070218142834.jpg,770,764
IMG070406041321.jpg,714,693
IMG070406042900.jpg,815,803
IMG070406043055.jpg,651,639
IMG070406050908.jpg,570,553
IMG070406051110.jpg,740,720
IMG070406055535.jpg,551,531
IMG070406060214.jpg,759,749
IMG070406060216.jpg,729,713
IMG070406061844.jpg,753,735
IMG070406063009.jpg,631,616
IMG070406075440.jpg,776,761
IMG070406075442.jpg,731,715
IMG070406194551.jpg,714,724
IMG070406201200.jpg,658,649
IMG070406232254.jpg,683,666
IMG070418073556.jpg,549,537
IMG070418121125.jpg,756,728
IMG070418121129.jpg,753,730
IMG070519103333.jpg,662,646
IMG070606044848.jpg,674,671
IMG070606084150.jpg,679,660
IMG070606090323.jpg,740,745
IMG070606100841.jpg,750,732
IMG070606100846.jpg,743,730
IMG070606195547.jpg,559,549
IMG070606195907.jpg,571,549
IMG070606200046.jpg,509,490
IMG070606201437.jpg,611,596
IMG070606202144.jpg,519,506
IMG070606202148.jpg,794,780
IMG070606202345.jpg,818,812
IMG070606202348.jpg,812,808
IMG070606202758.jpg,764,758
IMG070606202802.jpg,759,752
IMG070606213828.jpg,766,749
IMG070606215658.jpg,724,710
IMG070606220001.jpg,524,502
IMG070606220630.jpg,711,697
IMG070606230300.jpg,733,712
IMG070606230305.jpg,725,702
IMG070606230922.jpg,544,534
IMG070606231948.jpg,732,713
IMG070619114446.jpg,620,609
IMG070706213423.jpg,747,726
IMG070706232855.jpg,713,697
IMG070819133135.jpg,641,629
IMG070819151801.jpg,592,589
IMG080218074042.jpg,731,726
IMG080218090725.jpg,547,529
IMG080218092917.jpg,660,631
IMG080218095220.jpg,607,590
IMG080218095424.jpg,766,758
IMG080218095431.jpg,764,755
IMG080318105947.jpg,572,567
IMG080318112852.jpg,562,543
IMG080406010139.jpg,741,734
IMG080406011833.jpg,722,701
IMG080406015211.jpg,515,495
IMG080406021146.jpg,710,693
IMG080406025102.jpg,733,716
IMG080406030441.jpg,668,660
IMG080406031115.jpg,631,610
IMG080406031821.jpg,727,712
IMG080406033646.jpg,677,660
IMG080406081712.jpg,750,737
IMG080406090341.jpg,726,719
IMG080406140742.jpg,782,756
IMG080406200615.jpg,733,731
IMG080406201643.jpg,824,809
IMG080406202613.jpg,697,674
IMG080406204657.jpg,671,657
IMG080406205120.jpg,763,743
IMG080406213107.jpg,662,646
IMG080406213356.jpg,762,746
IMG080406213359.jpg,755,743
IMG080406213401.jpg,700,684
IMG080406214419.jpg,654,655
IMG080406220539.jpg,664,647
IMG080406221344.jpg,734,736
IMG080406221348.jpg,727,732
IMG080406221350.jpg,671,650
IMG080506075838.jpg,749,740
IMG080506082513.jpg,373,358
IMG080506082518.jpg,368,360
IMG080506083857.jpg,354,338
IMG080506083859.jpg,271,261
IMG080506091816.jpg,398,394
IMG080606013049.jpg,726,699
IMG080606013055.jpg,660,654
IMG080606030247.jpg,738,711
IMG080606031310.jpg,741,730
IMG080606031315.jpg,745,724
IMG080606043802.jpg,734,720
IMG080819164912.jpg,428,421
IMG080819165357.jpg,592,580
IMG090119111406.jpg,216,206
IMG090119134854.jpg,632,621
IMG090119141607.jpg,629,616
IMG090119141842.jpg,661,652
IMG090119152458.jpg,573,563
IMG090119152937.jpg,613,614
IMG090218092826.jpg,618,598
IMG090218094806.jpg,605,593
IMG090218095252.jpg,570,547
IMG090218101749.jpg,606,582
IMG090406014613.jpg,731,728
IMG090406015738.jpg,745,739
IMG090406020057.jpg,762,745
IMG090406023948.jpg,722,704
IMG090406033334.jpg,594,598
IMG090406050346.jpg,763,735
IMG090406050348.jpg,708,695
IMG090406050508.jpg,758,731
IMG090406050510.jpg,708,692
IMG090406055933.jpg,790,768
IMG090406061220.jpg,697,681
IMG090406061542.jpg,749,737
IMG090406062218.jpg,549,537
IMG090406081120.jpg,755,746
IMG090406083504.jpg,641,634
IMG090406085318.jpg,773,756
IMG090406213925.jpg,587,570
IMG090406223650.jpg,685,679
IMG090406223721.jpg,695,681
IMG090406232320.jpg,690,663
IMG090406234213.jpg,761,756
IMG090406234425.jpg,759,748
IMG090506031426.jpg,366,348
IMG090506031937.jpg,360,349
IMG090506050553.jpg,372,365
IMG090506050557.jpg,368,365
IMG090506053555.jpg,378,364
IMG090506053559.jpg,376,364
IMG090506093233.jpg,430,412
IMG090506093635.jpg,384,368
IMG090506093640.jpg,376,374
IMG090506095941.jpg,600,595
IMG090506113131.jpg,452,435
IMG090506113339.jpg,338,337
IMG090506113344.jpg,334,332
IMG090506205953.jpg,720,716
IMG090506235116.jpg,727,718
IMG090519084451.jpg,525,522
IMG090519115027.jpg,565,551
IMG090519145622.jpg,613,608
IMG090606193435.jpg,671,657
IMG090606195516.jpg,756,741
IMG090606195519.jpg,763,739
IMG090606202737.jpg,744,742
IMG090606202849.jpg,765,746
IMG090606212134.jpg,634,622
IMG090719140157.jpg,586,571
IMG090719145240.jpg,592,584
IMG090719155738.jpg,565,560
IMG090919095008.jpg,732,710
IMG090919100024.jpg,726,712
IMG090919110016.jpg,661,642
IMG090919125725.jpg,566,548
IMG090919134737.jpg,658,649
IMG090919134940.jpg,648,639
IMG090919150243.jpg,733,722
IMG100119085504.jpg,512,504
IMG100119091513.jpg,648,643
IMG100119092415.jpg,673,665
IMG100119104708.jpg,484,460
IMG100119110302.jpg,642,631
IMG100406000242.jpg,776,754
IMG100406000246.jpg,763,749
IMG100406001054.jpg,757,744
IMG100406001238.jpg,715,712
IMG100406004438.jpg,593,578
IMG100406010228.jpg,743,730
IMG100406013731.jpg,753,735
IMG100406014431.jpg,772,760
IMG100406020236.jpg,805,787
IMG100406020240.jpg,801,792
IMG100406020245.jpg,800,785
IMG100406033216.jpg,718,713
IMG100406034126.jpg,578,563
IMG100406035438.jpg,751,741
IMG100406054258.jpg,554,528
IMG100406054859.jpg,702,709
IMG100406055334.jpg,627,617
IMG100406062119.jpg,683,661
IMG100406063220.jpg,761,756
IMG100406063223.jpg,758,751
IMG100406063354.jpg,701,696
IMG100406063357.jpg,697,689
IMG100406070825.jpg,712,710
IMG100406070829.jpg,709,703
IMG100406070833.jpg,707,698
IMG100406074249.jpg,699,692
IMG100406074253.jpg,700,683
IMG100406074255.jpg,663,648
IMG100406074256.jpg,700,678
IMG100406075143.jpg,678,642
IMG100419104253.jpg,657,647
IMG100419114057.jpg,686,678
IMG100506005723.jpg,731,705
IMG100506011507.jpg,714,699
IMG100506014357.jpg,727,708
IMG100506044956.jpg,490,482
IMG100506045801.jpg,667,656
IMG100506054741.jpg,401,377
IMG100606200425.jpg,732,720
IMG100606200430.jpg,729,718
IMG100606200806.jpg,725,709
IMG100606221640.jpg,773,767
IMG100606222655.jpg,562,549
IMG100606222832.jpg,557,535
IMG100606225703.jpg,481,473
IMG100606230402.jpg,571,564
IMG100606232701.jpg,554,535
IMG100606235147.jpg,604,577
IMG100606235338.jpg,492,502
IMG100719092206.jpg,722,722
IMG100719105532.jpg,571,568
IMG100919112424.jpg,713,695
IMG110119101744.jpg,646,634
IMG110406042348.jpg,716,701
IMG110406042442.jpg,717,707
IMG110406051146.jpg,754,746
IMG110406051149.jpg,744,741
IMG110406051706.jpg,675,656
IMG110406071515.jpg,571,540
IMG110418085026.jpg,542,531
IMG110418085951.jpg,674,672
IMG110418131336.jpg,511,503
IMG110619162806.jpg,668,662
IMG110719104819.jpg,608,598
IMG110719104823.jpg,604,597
IMG120719115338.jpg,666,659
IMG120719115340.jpg,664,656
IMG120919080703.jpg,672,661
IMG120919125020.jpg,590,579
IMG130819131013.jpg,647,640
IMG130819153523.jpg,672,656
IMG130819162017.jpg,621,603
IMG130919104835.jpg,580,571
IMG130919110819.jpg,625,623
IMG130919140438.jpg,673,659
IMG140819094808.jpg,685,684
IMG140819114237.jpg,644,631
IMG140819115821.jpg,659,651
IMG140819160249.jpg,499,491
IMG140819161646.jpg,656,653
IMG150719125809.jpg,599,592
IMG150719125813.jpg,596,589
IMG150819105134.jpg,681,674
IMG150819105953.jpg,663,651
IMG160919131450.jpg,592,583
IMG170719085703.jpg,588,578
IMG170719085707.jpg,591,579
IMG170719113325.jpg,627,625
IMG170719113328.jpg,624,622
IMG180619153629.jpg,594,581
IMG180719080937.jpg,578,566
IMG180719111532.jpg,530,514
IMG180919142427.jpg,624,608
IMG190619141312.jpg,646,638
IMG190619141315.jpg,641,632
IMG190719103149.jpg,690,674
IMG190719111829.jpg,790,783
IMG190719111835.jpg,624,614
IMG190719114102.jpg,797,787
IMG190719114535.jpg,800,793
IMG190719115547.jpg,560,553
IMG190919113859.jpg,657,641
IMG190919113903.jpg,652,639
IMG190919113907.jpg,659,639
IMG210519095248.jpg,613,599
IMG220719110034.jpg,627,611
IMG220719111355.jpg,585,570
IMG220719112923.jpg,668,650
IMG230719103739.jpg,665,653
IMG240719103402.jpg,735,732
IMG240719115844.jpg,642,636
IMG250919112402.jpg,571,557
IMG250919115800.jpg,626,619
IMG250919131034.jpg,542,529
IMG260819155311.jpg,710,705
IMG260819162038.jpg,710,696
IMG260919093415.jpg,607,599
IMG260919151809.jpg,660,645
IMG270619103452.jpg,668,660
IMG270619110321.jpg,654,643
IMG290719161017.jpg,571,559
IMG300819150433.jpg,691,678
IMG300919111739.jpg,641,636
IMG300919114653.jpg,700,687
IMG300919160031.jpg,584,574
IMG310719090612.jpg,634,624
IMG010218090449.jpg,643,637
IMG010218115636.jpg,476,463
IMG020418133332.jpg,587,567
IMG020418141101.jpg,635,610
IMG020418141105.jpg,631,610
IMG020418142519.jpg,769,746
IMG020418144511.jpg,1023,1021
IMG020418144515.jpg,1020,1022
IMG020418144518.jpg,1025,1022
IMG020418151831.jpg,591,571
IMG020418152854.jpg,569,555
IMG020418154741.jpg,561,551
IMG030506080719.jpg,610,603
IMG030506082345.jpg,596,583
IMG030506162425.jpg,696,681
IMG030506170003.jpg,716,701
IMG030606000509.jpg,507,497
IMG040406034204.jpg,757,740
IMG040606210827.jpg,515,522
IMG040606214232.jpg,503,497
IMG040606222044.jpg,584,600
IMG040606224206.jpg,493,506
IMG050406010557.jpg,698,695
IMG050419110337.jpg,594,582
IMG050506204941.jpg,929,929
IMG050506204945.jpg,925,930
IMG050606082303.jpg,551,545
IMG050606161915.jpg,517,492
IMG050606163405.jpg,572,548
IMG050606171043.jpg,598,576
IMG050606174840.jpg,618,604
IMG050606180418.jpg,567,579
IMG050606180547.jpg,497,486
IMG050606180900.jpg,624,620
IMG050606181142.jpg,504,482
IMG050606182620.jpg,567,547
IMG050606183531.jpg,506,500
IMG050606184523.jpg,535,535
IMG050606201745.jpg,704,719
IMG050606204921.jpg,490,488
IMG060406041749.jpg,775,769
IMG060406041751.jpg,557,552
IMG070218125812.jpg,630,612
IMG070218125821.jpg,623,617
IMG070418094704.jpg,559,558
IMG070606195503.jpg,509,498
IMG070606212501.jpg,662,634
IMG080218095159.jpg,761,759
IMG080406032920.jpg,734,718
IMG090119111232.jpg,559,561
IMG090406073124.jpg,670,673
IMG090506051023.jpg,180,165
IMG090506080618.jpg,524,517
IMG190719161429.jpg,868,863
IMG210519111751.jpg,953,944
IMG210719135338.jpg,869,860
IMG230719131000.jpg,1005,1003
IMG230719131005.jpg,1004,998
IMG230719131009.jpg,1004,994
