IMG010218072553.jpg,0,0,592,653
IMG010218072648.jpg,0,0,610,519
IMG010218072650.jpg,0,0,550,509
IMG010218072822.jpg,0,0,604,514
IMG010218072824.jpg,0,0,550,507
IMG010218073002.jpg,0,0,582,432
IMG010218073005.jpg,0,0,442,386
IMG010218073205.jpg,0,0,618,658
IMG010218073207.jpg,0,0,552,677
IMG010218073413.jpg,0,0,554,483
IMG010218073415.jpg,0,0,464,452
IMG010218073710.jpg,0,0,779,769
IMG010218073714.jpg,0,0,781,763
IMG010218073718.jpg,0,0,770,758
IMG010218073720.jpg,0,0,732,725
IMG010218075416.jpg,0,0,626,639
IMG010218075418.jpg,0,0,546,624
IMG010218075534.jpg,0,0,584,537
IMG010218075536.jpg,0,0,524,444
IMG010218080106.jpg,0,0,611,482
IMG010218080108.jpg,0,0,543,463
IMG010218080156.jpg,0,0,615,627
IMG010218080301.jpg,0,0,602,415
IMG010218080304.jpg,0,0,506,355
IMG010218080306.jpg,0,0,593,408
IMG010218080308.jpg,0,0,511,361
IMG010218084730.jpg,0,0,569,581
IMG010218085955.jpg,0,0,585,502
IMG010218090227.jpg,0,0,592,571
IMG010218090229.jpg,0,0,529,520
IMG010218091015.jpg,0,0,584,589
IMG010218091018.jpg,0,0,455,533
IMG010218091143.jpg,0,0,563,530
IMG010218091145.jpg,0,0,446,541
IMG010218093109.jpg,0,0,596,553
IMG010218093112.jpg,0,0,467,528
IMG010218093311.jpg,0,0,595,558
IMG010218093611.jpg,0,0,628,747
IMG010218093755.jpg,0,0,622,536
IMG010218093759.jpg,0,0,620,535
